Time,Date,Site,Experiment,Sonde_Up,Temp_C_Up,SpCond_mS_cm_Up,Cond_mS_cm_Up,TDS_g_L_Up,Sal_ppt_Up,Turbidity_NTU_Up,Chl_ug_L_Up,Sonde_Down,Temp_C_Down,SpCond_mS_cm_Down,Cond_mS_cm_Down,TDS_g_L_Down,Sal_ppt_Down,Turbidity_NTU_Down,Chl_ug_L_Down,avg_depth_cm,d_bw_sondes_m,avg_m_hr,pcnt_Chl_rmvd,L_hr_m2
11:54:26,6/9/19,Shellmaker,Neg Control 1,G,22.53,54.24,51.68,35.26,35.92,7.8,1.8,H,22.03,54.73,51.62,35.57,36.29,5.9,2.1,40.75,7.8,144,-16.6666666666667,-1253.84615384615
11:54:27,6/9/19,Shellmaker,Neg Control 1,G,22.56,54.22,51.69,35.24,35.9,7.8,1.7,H,22.03,54.73,51.63,35.58,36.3,5.8,2.2,40.75,7.8,144,-29.4117647058824,-2212.66968325792
11:54:28,6/9/19,Shellmaker,Neg Control 1,G,22.57,54.21,51.7,35.24,35.9,7.8,1.8,H,22.03,54.73,51.63,35.58,36.3,5.8,2.3,40.75,7.8,144,-27.7777777777778,-2089.74358974359
11:54:29,6/9/19,Shellmaker,Neg Control 1,G,22.58,54.19,51.69,35.23,35.89,7.8,1.7,H,22.03,54.74,51.63,35.58,36.3,5.8,2.3,40.75,7.8,144,-35.2941176470588,-2655.2036199095
11:54:30,6/9/19,Shellmaker,Neg Control 1,G,22.6,54.18,51.7,35.22,35.88,7.8,1.8,H,22.04,54.74,51.64,35.58,36.3,5.7,2.2,40.75,7.8,144,-22.2222222222222,-1671.79487179487
11:54:31,6/9/19,Shellmaker,Neg Control 1,G,22.6,54.19,51.7,35.22,35.88,7.8,1.9,H,22.04,54.74,51.65,35.58,36.3,5.7,2.1,40.75,7.8,144,-10.5263157894737,-791.902834008098
11:54:33,6/9/19,Shellmaker,Neg Control 1,G,22.58,54.2,51.69,35.23,35.89,7.9,1.8,H,22.05,54.74,51.65,35.58,36.3,5.7,2,40.75,7.8,144,-11.1111111111111,-835.897435897436
11:54:34,6/9/19,Shellmaker,Neg Control 1,G,22.58,54.2,51.69,35.23,35.89,7.9,1.7,H,22.07,54.73,51.66,35.57,36.29,5.7,2.2,40.75,7.8,144,-29.4117647058824,-2212.66968325792
11:54:35,6/9/19,Shellmaker,Neg Control 1,G,22.54,54.22,51.68,35.24,35.91,7.9,1.8,H,22.1,54.71,51.67,35.56,36.27,5.7,2.2,40.75,7.8,144,-22.2222222222222,-1671.79487179487
11:54:36,6/9/19,Shellmaker,Neg Control 1,G,22.54,54.23,51.67,35.25,35.91,7.9,1.7,H,22.11,54.69,51.67,35.55,36.26,5.7,2.2,40.75,7.8,144,-29.4117647058824,-2212.66968325792
11:54:37,6/9/19,Shellmaker,Neg Control 1,G,22.53,54.23,51.67,35.25,35.91,8,1.5,H,22.12,54.69,51.68,35.55,36.26,5.7,2.2,40.75,7.8,144,-46.6666666666667,-3510.76923076923
11:54:38,6/9/19,Shellmaker,Neg Control 1,G,22.52,54.24,51.68,35.26,35.92,8,1.5,H,22.12,54.7,51.69,35.55,36.27,5.7,2.1,40.75,7.8,144,-40,-3009.23076923077
11:54:39,6/9/19,Shellmaker,Neg Control 1,G,22.52,54.24,51.67,35.26,35.92,8.1,1.3,H,22.12,54.71,51.7,35.56,36.27,5.7,2.1,40.75,7.8,144,-61.5384615384615,-4629.58579881657
11:54:41,6/9/19,Shellmaker,Neg Control 1,G,22.51,54.26,51.68,35.27,35.94,8.1,1.5,H,22.1,54.74,51.7,35.58,36.3,5.6,2,40.75,7.8,144,-33.3333333333333,-2507.69230769231
11:54:42,6/9/19,Shellmaker,Neg Control 1,G,22.51,54.27,51.69,35.27,35.94,8.1,1.6,H,22.08,54.77,51.72,35.6,36.32,5.6,2.2,40.75,7.8,144,-37.5,-2821.15384615385
11:54:43,6/9/19,Shellmaker,Neg Control 1,G,22.49,54.29,51.69,35.29,35.96,8.1,1.5,H,22.06,54.81,51.73,35.63,36.35,5.6,2.4,40.75,7.8,144,-60,-4513.84615384615
11:54:44,6/9/19,Shellmaker,Neg Control 1,G,22.49,54.29,51.69,35.29,35.96,8.2,1.5,H,22.05,54.82,51.73,35.63,36.36,5.6,2.4,40.75,7.8,144,-60,-4513.84615384615
11:54:45,6/9/19,Shellmaker,Neg Control 1,G,22.48,54.3,51.69,35.3,35.97,8.2,1.6,H,22.04,54.83,51.73,35.64,36.37,5.6,2.5,40.75,7.8,144,-56.25,-4231.73076923077
11:54:46,6/9/19,Shellmaker,Neg Control 1,G,22.47,54.31,51.69,35.3,35.97,8.3,1.6,H,22.02,54.85,51.73,35.65,36.38,5.6,2.4,40.75,7.8,144,-50,-3761.53846153846
11:54:47,6/9/19,Shellmaker,Neg Control 1,G,22.48,54.3,51.69,35.3,35.97,8.3,1.5,H,22.02,54.85,51.73,35.66,36.38,5.6,2.2,40.75,7.8,144,-46.6666666666667,-3510.76923076923
11:54:49,6/9/19,Shellmaker,Neg Control 1,G,22.49,54.25,51.65,35.27,35.93,8.4,1.6,H,22.02,54.86,51.73,35.66,36.39,5.6,2.4,40.75,7.8,144,-50,-3761.53846153846
11:54:50,6/9/19,Shellmaker,Neg Control 1,G,22.49,54.24,51.64,35.26,35.92,8.4,1.6,H,22.02,54.86,51.73,35.66,36.39,5.6,2.1,40.75,7.8,144,-31.25,-2350.96153846154
11:54:51,6/9/19,Shellmaker,Neg Control 1,G,22.5,54.21,51.62,35.24,35.9,8.4,1.7,H,22.02,54.85,51.73,35.65,36.38,5.6,2.3,40.75,7.8,144,-35.2941176470588,-2655.2036199095
11:54:52,6/9/19,Shellmaker,Neg Control 1,G,22.5,54.21,51.62,35.23,35.89,8.4,1.9,H,22.02,54.85,51.73,35.65,36.38,5.6,2.2,40.75,7.8,144,-15.7894736842105,-1187.85425101215
11:54:53,6/9/19,Shellmaker,Neg Control 1,G,22.5,54.21,51.62,35.23,35.89,8.4,1.9,H,22.02,54.85,51.72,35.65,36.38,5.6,2.4,40.75,7.8,144,-26.3157894736842,-1979.75708502024
11:54:54,6/9/19,Shellmaker,Neg Control 1,G,22.5,54.21,51.62,35.24,35.9,8.4,1.9,H,22.02,54.84,51.72,35.65,36.37,5.7,2.5,40.75,7.8,144,-31.5789473684211,-2375.70850202429
11:54:55,6/9/19,Shellmaker,Neg Control 1,G,22.5,54.21,51.62,35.24,35.9,8.3,1.7,H,22.02,54.84,51.72,35.64,36.37,5.7,2.4,40.75,7.8,144,-41.1764705882353,-3097.73755656109
11:54:57,6/9/19,Shellmaker,Neg Control 1,G,22.51,54.24,51.66,35.26,35.92,8.3,1.5,H,22.02,54.83,51.71,35.64,36.37,5.6,2.4,40.75,7.8,144,-60,-4513.84615384615
11:54:58,6/9/19,Shellmaker,Neg Control 1,G,22.51,54.25,51.67,35.26,35.93,8.3,1.5,H,22.02,54.83,51.71,35.64,36.36,5.6,2.4,40.75,7.8,144,-60,-4513.84615384615
11:54:59,6/9/19,Shellmaker,Neg Control 1,G,22.51,54.26,51.68,35.27,35.94,8.3,1.8,H,22.02,54.82,51.7,35.63,36.36,5.6,2.5,40.75,7.8,144,-38.8888888888889,-2925.64102564103
11:55:00,6/9/19,Shellmaker,Neg Control 1,G,22.5,54.26,51.67,35.27,35.94,8.3,1.8,H,22.02,54.82,51.7,35.63,36.36,5.6,2.4,40.75,7.8,144,-33.3333333333333,-2507.69230769231
11:55:01,6/9/19,Shellmaker,Neg Control 1,G,22.5,54.26,51.67,35.27,35.94,8.3,1.8,H,22.03,54.82,51.7,35.63,36.36,5.6,2.2,40.75,7.8,144,-22.2222222222222,-1671.79487179487
11:55:02,6/9/19,Shellmaker,Neg Control 1,G,22.48,54.27,51.66,35.27,35.94,8.3,2,H,22.03,54.81,51.7,35.62,36.35,5.6,2.4,40.75,7.8,144,-20,-1504.61538461538
11:55:03,6/9/19,Shellmaker,Neg Control 1,G,22.47,54.27,51.65,35.28,35.95,8.3,2.1,H,22.04,54.81,51.7,35.62,36.35,5.6,2.5,40.75,7.8,144,-19.047619047619,-1432.96703296703
11:55:05,6/9/19,Shellmaker,Neg Control 1,G,22.45,54.3,51.65,35.3,35.97,8.3,2.2,H,22.04,54.81,51.71,35.63,36.35,5.6,2.5,40.75,7.8,144,-13.6363636363636,-1025.87412587413
11:55:06,6/9/19,Shellmaker,Neg Control 1,G,22.44,54.31,51.65,35.3,35.97,8.4,2.2,H,22.04,54.82,51.72,35.63,36.36,5.6,2.5,40.75,7.8,144,-13.6363636363636,-1025.87412587413
11:55:07,6/9/19,Shellmaker,Neg Control 1,G,22.45,54.31,51.67,35.3,35.98,8.3,2.3,H,22.04,54.83,51.73,35.64,36.36,5.6,2.5,40.75,7.8,144,-8.69565217391305,-654.18060200669
11:55:08,6/9/19,Shellmaker,Neg Control 1,G,22.45,54.31,51.66,35.3,35.97,8.4,2.3,H,22.05,54.83,51.73,35.64,36.36,5.6,2.6,40.75,7.8,144,-13.0434782608696,-981.270903010034
11:55:09,6/9/19,Shellmaker,Neg Control 1,G,22.46,54.31,51.67,35.3,35.97,8.3,2.3,H,22.05,54.82,51.74,35.64,36.36,5.6,2.6,40.75,7.8,144,-13.0434782608696,-981.270903010034
11:55:10,6/9/19,Shellmaker,Neg Control 1,G,22.47,54.31,51.68,35.3,35.97,8.4,2,H,22.05,54.83,51.74,35.64,36.37,5.6,2.4,40.75,7.8,144,-20,-1504.61538461538
11:55:11,6/9/19,Shellmaker,Neg Control 1,G,22.47,54.31,51.68,35.3,35.97,8.4,2,H,22.05,54.83,51.75,35.64,36.37,5.6,2.4,40.75,7.8,144,-20,-1504.61538461538
11:55:13,6/9/19,Shellmaker,Neg Control 1,G,22.48,54.32,51.71,35.31,35.98,8.4,2.5,H,22.05,54.84,51.75,35.65,36.38,5.5,2.3,40.75,7.8,144,8.00000000000001,601.846153846154
11:55:14,6/9/19,Shellmaker,Neg Control 1,G,22.49,54.32,51.71,35.31,35.98,8.4,2.5,H,22.04,54.86,51.76,35.66,36.39,5.5,2.5,40.75,7.8,144,0,0
11:55:15,6/9/19,Shellmaker,Neg Control 1,G,22.49,54.31,51.7,35.3,35.97,8.3,2.1,H,22.03,54.87,51.76,35.67,36.4,5.5,2.5,40.75,7.8,144,-19.047619047619,-1432.96703296703
11:55:16,6/9/19,Shellmaker,Neg Control 1,G,22.49,54.31,51.7,35.3,35.97,8.3,2,H,22.03,54.87,51.76,35.67,36.4,5.5,2.7,40.75,7.8,144,-35,-2633.07692307692
11:55:17,6/9/19,Shellmaker,Neg Control 1,G,22.48,54.31,51.7,35.3,35.97,8.3,1.9,H,22.04,54.86,51.76,35.66,36.39,5.4,2.6,40.75,7.8,144,-36.8421052631579,-2771.65991902834
11:55:18,6/9/19,Shellmaker,Neg Control 1,G,22.46,54.34,51.7,35.32,35.99,8.3,2,H,22.06,54.84,51.76,35.65,36.37,5.5,2.3,40.75,7.8,144,-15,-1128.46153846154
11:55:19,6/9/19,Shellmaker,Neg Control 1,G,22.46,54.35,51.71,35.33,36,8.3,2.1,H,22.06,54.84,51.75,35.64,36.37,5.5,2.3,40.75,7.8,144,-9.52380952380951,-716.483516483515
11:55:21,6/9/19,Shellmaker,Neg Control 1,G,22.43,54.42,51.75,35.37,36.05,8.3,2,H,22.05,54.84,51.75,35.64,36.37,5.5,2.3,40.75,7.8,144,-15,-1128.46153846154
11:55:22,6/9/19,Shellmaker,Neg Control 1,G,22.43,54.43,51.75,35.38,36.06,8.3,2.1,H,22.05,54.84,51.75,35.64,36.37,5.4,2.4,40.75,7.8,144,-14.2857142857143,-1074.72527472527
11:55:23,6/9/19,Shellmaker,Neg Control 1,G,22.41,54.42,51.73,35.37,36.05,8.3,1.8,H,22.05,54.84,51.74,35.64,36.37,5.6,2.3,40.75,7.8,144,-27.7777777777778,-2089.74358974359
11:55:24,6/9/19,Shellmaker,Neg Control 1,G,22.41,54.41,51.72,35.37,36.05,8.3,1.8,H,22.04,54.84,51.74,35.64,36.37,5.6,2.3,40.75,7.8,144,-27.7777777777778,-2089.74358974359
11:55:25,6/9/19,Shellmaker,Neg Control 1,G,22.4,54.42,51.72,35.37,36.05,8.3,2,H,22.04,54.84,51.74,35.65,36.37,5.6,2.4,40.75,7.8,144,-20,-1504.61538461538
11:55:26,6/9/19,Shellmaker,Neg Control 1,G,22.38,54.43,51.7,35.38,36.06,8.2,1.9,H,22.03,54.84,51.73,35.65,36.37,5.6,2.5,40.75,7.8,144,-31.5789473684211,-2375.70850202429
11:55:27,6/9/19,Shellmaker,Neg Control 1,G,22.37,54.44,51.7,35.38,36.07,8.1,2,H,22.03,54.84,51.73,35.65,36.38,5.6,2.5,40.75,7.8,144,-25,-1880.76923076923
11:55:29,6/9/19,Shellmaker,Neg Control 1,G,22.32,54.5,51.71,35.42,36.11,8.1,2,H,22.03,54.83,51.73,35.64,36.37,5.6,2.4,40.75,7.8,144,-20,-1504.61538461538
11:55:30,6/9/19,Shellmaker,Neg Control 1,G,22.32,54.49,51.69,35.42,36.11,8.1,2.1,H,22.04,54.82,51.72,35.63,36.36,5.6,2.4,40.75,7.8,144,-14.2857142857143,-1074.72527472527
11:55:31,6/9/19,Shellmaker,Neg Control 1,G,22.29,54.5,51.68,35.42,36.12,8.1,2.1,H,22.05,54.8,51.72,35.62,36.35,5.6,2.2,40.75,7.8,144,-4.76190476190477,-358.241758241759
11:55:32,6/9/19,Shellmaker,Neg Control 1,G,22.29,54.5,51.67,35.42,36.11,8.1,2,H,22.06,54.8,51.72,35.62,36.34,5.6,2.1,40.75,7.8,144,-5,-376.153846153846
11:55:33,6/9/19,Shellmaker,Neg Control 1,G,22.28,54.49,51.67,35.42,36.11,8,1.9,H,22.06,54.79,51.71,35.62,36.34,5.6,2.2,40.75,7.8,144,-15.7894736842105,-1187.85425101215
11:55:34,6/9/19,Shellmaker,Neg Control 1,G,22.29,54.49,51.67,35.42,36.11,8,1.9,H,22.04,54.8,51.71,35.62,36.35,5.6,2.2,40.75,7.8,144,-15.7894736842105,-1187.85425101215
11:55:35,6/9/19,Shellmaker,Neg Control 1,G,22.29,54.49,51.67,35.42,36.11,8,1.9,H,22.03,54.81,51.7,35.63,36.35,5.6,2.3,40.75,7.8,144,-21.0526315789474,-1583.80566801619
11:55:37,6/9/19,Shellmaker,Neg Control 1,G,22.3,54.5,51.69,35.42,36.12,8.1,1.9,H,22.02,54.82,51.7,35.63,36.36,5.5,2.2,40.75,7.8,144,-15.7894736842105,-1187.85425101215
11:55:38,6/9/19,Shellmaker,Neg Control 1,G,22.31,54.51,51.7,35.43,36.12,8.2,1.9,H,22.01,54.83,51.7,35.64,36.37,5.5,2.4,40.75,7.8,144,-26.3157894736842,-1979.75708502024
11:55:39,6/9/19,Shellmaker,Neg Control 1,G,22.34,54.5,51.73,35.43,36.12,8.2,1.8,H,22,54.84,51.7,35.65,36.37,5.4,2.6,40.75,7.8,144,-44.4444444444445,-3343.58974358974
11:55:40,6/9/19,Shellmaker,Neg Control 1,G,22.35,54.5,51.74,35.42,36.11,8.2,1.8,H,22,54.85,51.7,35.65,36.38,5.4,2.4,40.75,7.8,144,-33.3333333333333,-2507.69230769231
11:55:41,6/9/19,Shellmaker,Neg Control 1,G,22.37,54.49,51.75,35.42,36.11,8.1,1.7,H,21.99,54.86,51.7,35.66,36.39,5.4,2.4,40.75,7.8,144,-41.1764705882353,-3097.73755656109
11:55:42,6/9/19,Shellmaker,Neg Control 1,G,22.4,54.46,51.76,35.4,36.09,8.1,1.7,H,21.98,54.87,51.71,35.67,36.4,5.4,2.7,40.75,7.8,144,-58.8235294117647,-4425.33936651584
11:55:43,6/9/19,Shellmaker,Neg Control 1,G,22.41,54.45,51.76,35.4,36.08,8.1,1.7,H,21.97,54.88,51.71,35.67,36.4,5.3,2.6,40.75,7.8,144,-52.9411764705883,-3982.80542986425
11:55:45,6/9/19,Shellmaker,Neg Control 1,G,22.4,54.45,51.75,35.39,36.08,8.1,1.8,H,21.96,54.89,51.71,35.68,36.41,5.4,2.5,40.75,7.8,144,-38.8888888888889,-2925.64102564103
11:55:46,6/9/19,Shellmaker,Neg Control 1,G,22.4,54.46,51.75,35.4,36.08,8.1,1.9,H,21.96,54.89,51.71,35.68,36.42,5.3,2.4,40.75,7.8,144,-26.3157894736842,-1979.75708502024
11:55:47,6/9/19,Shellmaker,Neg Control 1,G,22.4,54.47,51.76,35.41,36.09,8.1,2,H,21.96,54.9,51.71,35.69,36.42,5.3,2.5,40.75,7.8,144,-25,-1880.76923076923
11:55:48,6/9/19,Shellmaker,Neg Control 1,G,22.4,54.47,51.77,35.41,36.1,8.1,2.1,H,21.96,54.91,51.71,35.69,36.42,5.3,2.4,40.75,7.8,144,-14.2857142857143,-1074.72527472527
11:55:49,6/9/19,Shellmaker,Neg Control 1,G,22.4,54.48,51.77,35.41,36.1,8.1,2,H,21.96,54.91,51.72,35.69,36.43,5.3,2.1,40.75,7.8,144,-5,-376.153846153846
11:55:50,6/9/19,Shellmaker,Neg Control 1,G,22.39,54.49,51.77,35.42,36.1,8.1,2,H,21.96,54.91,51.73,35.69,36.43,5.3,2.1,40.75,7.8,144,-5,-376.153846153846
11:55:51,6/9/19,Shellmaker,Neg Control 1,G,22.38,54.49,51.76,35.42,36.11,8.1,1.9,H,21.97,54.91,51.73,35.69,36.43,5.3,2,40.75,7.8,144,-5.26315789473685,-395.951417004049
11:55:53,6/9/19,Shellmaker,Neg Control 1,G,22.39,54.46,51.75,35.4,36.09,8.3,1.9,H,22.01,54.88,51.74,35.67,36.4,5.3,1.9,40.75,7.8,144,0,0
11:55:54,6/9/19,Shellmaker,Neg Control 1,G,22.4,54.45,51.75,35.39,36.08,8.3,1.7,H,22.04,54.85,51.75,35.65,36.38,5.3,2,40.75,7.8,144,-17.6470588235294,-1327.60180995475
11:55:55,6/9/19,Shellmaker,Neg Control 1,G,22.45,54.4,51.75,35.36,36.04,8.4,1.8,H,22.06,54.83,51.75,35.64,36.37,5.3,2,40.75,7.8,144,-11.1111111111111,-835.897435897436
11:55:56,6/9/19,Shellmaker,Neg Control 1,G,22.46,54.39,51.75,35.35,36.03,8.4,1.8,H,22.06,54.83,51.75,35.64,36.37,5.3,1.9,40.75,7.8,144,-5.55555555555555,-417.948717948717
11:55:57,6/9/19,Shellmaker,Neg Control 1,G,22.47,54.37,51.74,35.34,36.02,8.4,1.8,H,22.07,54.83,51.76,35.64,36.36,5.3,1.9,40.75,7.8,144,-5.55555555555555,-417.948717948717
11:55:58,6/9/19,Shellmaker,Neg Control 1,G,22.47,54.34,51.71,35.32,36,8.3,1.8,H,22.07,54.84,51.77,35.65,36.37,5.3,2,40.75,7.8,144,-11.1111111111111,-835.897435897436
11:55:59,6/9/19,Shellmaker,Neg Control 1,G,22.46,54.34,51.7,35.32,35.99,8.3,1.9,H,22.06,54.85,51.77,35.65,36.38,5.3,2,40.75,7.8,144,-5.26315789473685,-395.951417004049
11:56:01,6/9/19,Shellmaker,Neg Control 1,G,22.42,54.3,51.63,35.3,35.97,8.1,1.2,H,22.05,54.88,51.78,35.67,36.4,5.4,1.7,40.75,7.8,144,-41.6666666666667,-3134.61538461538
11:56:02,6/9/19,Shellmaker,Neg Control 1,G,22.41,54.31,51.63,35.3,35.97,8.1,1.4,H,22.03,54.9,51.79,35.68,36.42,5.4,1.8,40.75,7.8,144,-28.5714285714286,-2149.45054945055
11:56:03,6/9/19,Shellmaker,Neg Control 1,G,22.36,54.35,51.62,35.33,36.01,8.1,1.5,H,22.02,54.91,51.79,35.69,36.43,5.3,1.7,40.75,7.8,144,-13.3333333333333,-1003.07692307692
11:56:04,6/9/19,Shellmaker,Neg Control 1,G,22.35,54.37,51.62,35.34,36.02,8.1,1.4,H,22.02,54.91,51.79,35.69,36.43,5.3,1.8,40.75,7.8,144,-28.5714285714286,-2149.45054945055
11:56:05,6/9/19,Shellmaker,Neg Control 1,G,22.34,54.38,51.62,35.35,36.03,8.1,1.4,H,22.02,54.91,51.78,35.69,36.43,5.3,1.7,40.75,7.8,144,-21.4285714285714,-1612.08791208791
11:56:06,6/9/19,Shellmaker,Neg Control 1,G,22.33,54.4,51.63,35.36,36.04,8.1,1.4,H,22.01,54.91,51.77,35.69,36.43,5.3,1.8,40.75,7.8,144,-28.5714285714286,-2149.45054945055
11:56:07,6/9/19,Shellmaker,Neg Control 1,G,22.33,54.4,51.63,35.36,36.04,8.1,1.3,H,22.01,54.9,51.77,35.69,36.42,5.3,1.8,40.75,7.8,144,-38.4615384615385,-2893.49112426035
11:56:09,6/9/19,Shellmaker,Neg Control 1,G,22.38,54.37,51.65,35.34,36.02,8.1,1.4,H,22.01,54.89,51.76,35.68,36.41,5.3,2,40.75,7.8,144,-42.8571428571429,-3224.17582417582
11:56:10,6/9/19,Shellmaker,Neg Control 1,G,22.39,54.37,51.66,35.34,36.02,8.1,1.3,H,22.01,54.88,51.75,35.67,36.4,5.3,2,40.75,7.8,144,-53.8461538461539,-4050.8875739645
11:56:11,6/9/19,Shellmaker,Neg Control 1,G,22.4,54.38,51.67,35.35,36.02,8,1.3,H,22.02,54.86,51.73,35.66,36.39,5.2,2.6,40.75,7.8,144,-100,-7523.07692307692
11:56:12,6/9/19,Shellmaker,Neg Control 1,G,22.39,54.37,51.67,35.34,36.02,8,1.4,H,22.02,54.85,51.73,35.66,36.39,5.2,2.6,40.75,7.8,144,-85.7142857142858,-6448.35164835165
11:56:13,6/9/19,Shellmaker,Neg Control 1,G,22.39,54.37,51.67,35.34,36.02,8,1.4,H,22.02,54.84,51.72,35.65,36.38,5.2,2.6,40.75,7.8,144,-85.7142857142858,-6448.35164835165
11:56:14,6/9/19,Shellmaker,Neg Control 1,G,22.39,54.37,51.66,35.34,36.02,8,1.6,H,22.02,54.84,51.71,35.64,36.37,5.1,2.6,40.75,7.8,144,-62.5,-4701.92307692308
11:56:15,6/9/19,Shellmaker,Neg Control 1,G,22.39,54.37,51.66,35.34,36.02,8,1.6,H,22.02,54.83,51.71,35.64,36.37,5.1,2.7,40.75,7.8,144,-68.75,-5172.11538461538
11:56:17,6/9/19,Shellmaker,Neg Control 1,G,22.37,54.41,51.68,35.36,36.05,7.9,1.7,H,22.02,54.82,51.7,35.63,36.36,5.1,2.7,40.75,7.8,144,-58.8235294117647,-4425.33936651584
11:56:18,6/9/19,Shellmaker,Neg Control 1,G,22.37,54.42,51.69,35.37,36.05,7.9,1.5,H,22.02,54.82,51.69,35.63,36.36,5.1,2.9,40.75,7.8,144,-93.3333333333333,-7021.53846153846
11:56:19,6/9/19,Shellmaker,Neg Control 1,G,22.36,54.46,51.71,35.4,36.08,7.9,1.6,H,22.02,54.81,51.69,35.62,36.35,5.1,2.8,40.75,7.8,144,-75,-5642.30769230769
11:56:20,6/9/19,Shellmaker,Neg Control 1,G,22.36,54.46,51.71,35.4,36.09,7.9,1.6,H,22.02,54.81,51.69,35.62,36.35,5.1,2.8,40.75,7.8,144,-75,-5642.30769230769
11:56:21,6/9/19,Shellmaker,Neg Control 1,G,22.36,54.46,51.71,35.4,36.09,7.9,1.7,H,22.02,54.81,51.69,35.62,36.35,5.1,2.9,40.75,7.8,144,-70.5882352941177,-5310.407239819
11:56:22,6/9/19,Shellmaker,Neg Control 1,G,22.35,54.48,51.72,35.41,36.1,7.9,1.6,H,22.01,54.81,51.68,35.63,36.35,5.1,2.7,40.75,7.8,144,-68.75,-5172.11538461538
11:56:23,6/9/19,Shellmaker,Neg Control 1,G,22.35,54.49,51.73,35.42,36.11,7.9,1.5,H,22.01,54.81,51.68,35.63,36.35,5.1,2.8,40.75,7.8,144,-86.6666666666667,-6520
11:56:25,6/9/19,Shellmaker,Neg Control 1,G,22.39,54.51,51.79,35.43,36.13,7.9,1.8,H,22,54.82,51.68,35.63,36.36,5.1,2.7,40.75,7.8,144,-50,-3761.53846153846
11:56:26,6/9/19,Shellmaker,Neg Control 1,G,22.4,54.52,51.82,35.44,36.13,7.9,1.6,H,22.01,54.82,51.68,35.63,36.36,5.1,2.5,40.75,7.8,144,-56.25,-4231.73076923077
11:56:27,6/9/19,Shellmaker,Neg Control 1,G,22.49,54.49,51.88,35.42,36.11,7.8,1.9,H,22.01,54.82,51.68,35.63,36.36,5.1,2.3,40.75,7.8,144,-21.0526315789474,-1583.80566801619
11:56:28,6/9/19,Shellmaker,Neg Control 1,G,22.52,54.47,51.89,35.41,36.09,7.8,1.8,H,22.01,54.82,51.68,35.63,36.36,5.1,2.3,40.75,7.8,144,-27.7777777777778,-2089.74358974359
11:56:29,6/9/19,Shellmaker,Neg Control 1,G,22.54,54.46,51.9,35.4,36.08,7.8,1.9,H,22.01,54.82,51.69,35.63,36.36,5.1,2.3,40.75,7.8,144,-21.0526315789474,-1583.80566801619
11:56:30,6/9/19,Shellmaker,Neg Control 1,G,22.55,54.47,51.92,35.41,36.09,7.7,1.7,H,22.01,54.82,51.69,35.64,36.36,5.1,2.1,40.75,7.8,144,-23.5294117647059,-1770.13574660634
11:56:31,6/9/19,Shellmaker,Neg Control 1,G,22.54,54.48,51.92,35.41,36.1,7.6,1.6,H,22.01,54.82,51.69,35.64,36.36,5.1,2.1,40.75,7.8,144,-31.25,-2350.96153846154
11:56:33,6/9/19,Shellmaker,Neg Control 1,G,22.48,54.53,51.91,35.45,36.14,7.5,1.4,H,22,54.83,51.69,35.64,36.37,5.1,2.2,40.75,7.8,144,-57.1428571428572,-4298.9010989011
11:56:34,6/9/19,Shellmaker,Neg Control 1,G,22.46,54.55,51.91,35.46,36.15,7.5,1.3,H,22,54.83,51.69,35.64,36.37,5.1,2.3,40.75,7.8,144,-76.9230769230769,-5786.98224852071
11:56:35,6/9/19,Shellmaker,Neg Control 1,G,22.42,54.59,51.89,35.48,36.18,7.5,1.3,H,21.99,54.84,51.69,35.65,36.37,5.1,2.2,40.75,7.8,144,-69.2307692307692,-5208.28402366864
11:56:36,6/9/19,Shellmaker,Neg Control 1,G,22.41,54.58,51.88,35.48,36.17,7.5,1.3,H,21.99,54.84,51.69,35.65,36.38,5.1,2.2,40.75,7.8,144,-69.2307692307692,-5208.28402366864
11:56:37,6/9/19,Shellmaker,Neg Control 1,G,22.41,54.58,51.88,35.48,36.18,7.5,1.4,H,21.99,54.84,51.69,35.65,36.38,5.1,2.3,40.75,7.8,144,-64.2857142857143,-4836.26373626374
11:56:38,6/9/19,Shellmaker,Neg Control 1,G,22.39,54.61,51.89,35.5,36.2,7.4,1.8,H,21.99,54.85,51.7,35.65,36.38,5,2.5,40.75,7.8,144,-38.8888888888889,-2925.64102564103
11:56:39,6/9/19,Shellmaker,Neg Control 1,G,22.39,54.62,51.89,35.5,36.2,7.4,1.7,H,21.99,54.85,51.7,35.65,36.38,5,2.4,40.75,7.8,144,-41.1764705882353,-3097.73755656109
11:56:41,6/9/19,Shellmaker,Neg Control 1,G,22.42,54.59,51.9,35.48,36.18,7.3,1.9,H,21.99,54.86,51.7,35.66,36.39,5,2.2,40.75,7.8,144,-15.7894736842105,-1187.85425101215
11:56:42,6/9/19,Shellmaker,Neg Control 1,G,22.42,54.58,51.89,35.47,36.17,7.3,2,H,21.99,54.86,51.71,35.66,36.39,5,2.3,40.75,7.8,144,-15,-1128.46153846154
11:56:43,6/9/19,Shellmaker,Neg Control 1,G,22.44,54.57,51.89,35.47,36.16,7.3,2.2,H,21.99,54.87,51.72,35.66,36.4,5,2.4,40.75,7.8,144,-9.09090909090908,-683.916083916083
11:56:44,6/9/19,Shellmaker,Neg Control 1,G,22.44,54.56,51.89,35.46,36.16,7.3,2.3,H,21.99,54.87,51.72,35.67,36.4,5,2.4,40.75,7.8,144,-4.34782608695653,-327.090301003345
11:56:45,6/9/19,Shellmaker,Neg Control 1,G,22.44,54.56,51.89,35.46,36.16,7.3,2.2,H,21.99,54.89,51.73,35.68,36.41,5,2.3,40.75,7.8,144,-4.54545454545453,-341.958041958041
11:56:46,6/9/19,Shellmaker,Neg Control 1,G,22.46,54.52,51.88,35.44,36.13,7.3,2.4,H,21.99,54.9,51.75,35.69,36.42,5,2.5,40.75,7.8,144,-4.16666666666667,-313.461538461539
11:56:47,6/9/19,Shellmaker,Neg Control 1,G,22.47,54.49,51.87,35.42,36.11,7.3,2.4,H,22,54.9,51.75,35.68,36.42,5,2.7,40.75,7.8,144,-12.5,-940.384615384616
11:56:49,6/9/19,Shellmaker,Neg Control 1,G,22.48,54.44,51.82,35.39,36.07,7.3,1.8,H,22.02,54.87,51.75,35.67,36.4,5,2.6,40.75,7.8,144,-44.4444444444445,-3343.58974358974
11:56:50,6/9/19,Shellmaker,Neg Control 1,G,22.47,54.43,51.8,35.38,36.06,7.2,1.7,H,22.04,54.84,51.75,35.65,36.38,5,2.9,40.75,7.8,144,-70.5882352941177,-5310.407239819
11:56:51,6/9/19,Shellmaker,Neg Control 1,G,22.45,54.45,51.81,35.39,36.08,7.3,1.7,H,22.05,54.83,51.74,35.64,36.36,5,3,40.75,7.8,144,-76.4705882352941,-5752.94117647059
11:56:52,6/9/19,Shellmaker,Neg Control 1,G,22.47,54.45,51.81,35.39,36.07,7.3,1.7,H,22.05,54.82,51.74,35.64,36.36,5,3,40.75,7.8,144,-76.4705882352941,-5752.94117647059
11:56:53,6/9/19,Shellmaker,Neg Control 1,G,22.48,54.44,51.82,35.38,36.07,7.3,1.9,H,22.05,54.82,51.74,35.64,36.36,5,2.8,40.75,7.8,144,-47.3684210526316,-3563.56275303644
11:56:54,6/9/19,Shellmaker,Neg Control 1,G,22.54,54.39,51.83,35.35,36.03,7.2,2,H,22.04,54.83,51.74,35.64,36.37,5,2.8,40.75,7.8,144,-40,-3009.23076923077
11:56:55,6/9/19,Shellmaker,Neg Control 1,G,22.55,54.38,51.84,35.35,36.03,7.2,1.9,H,22.04,54.84,51.73,35.64,36.37,5,2.9,40.75,7.8,144,-52.6315789473684,-3959.51417004049
11:56:57,6/9/19,Shellmaker,Neg Control 1,G,22.56,54.36,51.82,35.34,36.01,7.1,1.9,H,22.02,54.85,51.73,35.65,36.38,5,2.9,40.75,7.8,144,-52.6315789473684,-3959.51417004049
11:56:58,6/9/19,Shellmaker,Neg Control 1,G,22.55,54.37,51.82,35.34,36.01,7.1,2.1,H,22.01,54.85,51.72,35.65,36.38,5,2.8,40.75,7.8,144,-33.3333333333333,-2507.69230769231
11:56:59,6/9/19,Shellmaker,Neg Control 1,G,22.56,54.38,51.84,35.34,36.02,7,2.2,H,22,54.86,51.71,35.66,36.39,5,2.7,40.75,7.8,144,-22.7272727272727,-1709.79020979021
11:57:00,6/9/19,Shellmaker,Neg Control 1,G,22.56,54.38,51.84,35.35,36.02,7,2.1,H,22,54.86,51.71,35.66,36.39,5,2.8,40.75,7.8,144,-33.3333333333333,-2507.69230769231
11:57:01,6/9/19,Shellmaker,Neg Control 1,G,22.56,54.39,51.85,35.35,36.03,7.1,2,H,21.99,54.85,51.7,35.65,36.38,5,2.9,40.75,7.8,144,-45,-3385.38461538461
11:57:02,6/9/19,Shellmaker,Neg Control 1,G,22.55,54.41,51.86,35.36,36.04,7.1,1.9,H,21.99,54.84,51.69,35.65,36.38,5,3,40.75,7.8,144,-57.8947368421053,-4355.46558704453
11:57:03,6/9/19,Shellmaker,Neg Control 1,G,22.55,54.41,51.87,35.37,36.05,7.1,2.1,H,21.99,54.84,51.68,35.64,36.37,5,3,40.75,7.8,144,-42.8571428571428,-3224.17582417582
11:57:05,6/9/19,Shellmaker,Neg Control 1,G,22.56,54.44,51.9,35.38,36.07,7.2,2,H,21.99,54.83,51.68,35.64,36.37,4.9,2.9,40.75,7.8,144,-45,-3385.38461538461
11:57:06,6/9/19,Shellmaker,Neg Control 1,G,22.56,54.44,51.91,35.39,36.07,7.3,1.9,H,21.98,54.83,51.67,35.64,36.37,4.9,2.6,40.75,7.8,144,-36.8421052631579,-2771.65991902834
11:57:07,6/9/19,Shellmaker,Neg Control 1,G,22.63,54.38,51.92,35.34,36.02,7.3,2,H,21.97,54.84,51.66,35.64,36.37,4.9,2.7,40.75,7.8,144,-35,-2633.07692307692
11:57:08,6/9/19,Shellmaker,Neg Control 1,G,22.65,54.35,51.92,35.33,36,7.2,2,H,21.97,54.83,51.66,35.64,36.37,4.9,2.6,40.75,7.8,144,-30,-2256.92307692308
11:57:09,6/9/19,Shellmaker,Neg Control 1,G,22.67,54.34,51.92,35.32,35.99,7.2,2.1,H,21.97,54.83,51.66,35.64,36.37,4.9,2.3,40.75,7.8,144,-9.52380952380951,-716.483516483515
11:57:10,6/9/19,Shellmaker,Neg Control 1,G,22.69,54.32,51.92,35.31,35.98,7.2,1.7,H,21.98,54.83,51.66,35.64,36.37,4.9,2.4,40.75,7.8,144,-41.1764705882353,-3097.73755656109
11:57:11,6/9/19,Shellmaker,Neg Control 1,G,22.68,54.33,51.92,35.31,35.98,7.2,1.7,H,21.98,54.83,51.66,35.64,36.36,4.9,2.4,40.75,7.8,144,-41.1764705882353,-3097.73755656109
11:57:13,6/9/19,Shellmaker,Neg Control 1,G,22.57,54.41,51.88,35.37,36.04,7.1,2,H,21.98,54.82,51.66,35.63,36.36,4.9,2.4,40.75,7.8,144,-20,-1504.61538461538
11:57:14,6/9/19,Shellmaker,Neg Control 1,G,22.56,54.41,51.88,35.37,36.05,7.2,2,H,21.99,54.82,51.66,35.63,36.36,4.9,2.1,40.75,7.8,144,-5,-376.153846153846
11:57:15,6/9/19,Shellmaker,Neg Control 1,G,22.55,54.41,51.86,35.36,36.04,7.2,1.7,H,21.99,54.82,51.67,35.63,36.36,4.9,2.4,40.75,7.8,144,-41.1764705882353,-3097.73755656109
11:57:16,6/9/19,Shellmaker,Neg Control 1,G,22.56,54.39,51.86,35.36,36.03,7.3,1.6,H,21.99,54.82,51.67,35.63,36.36,4.8,2.3,40.75,7.8,144,-43.75,-3291.34615384615
11:57:17,6/9/19,Shellmaker,Neg Control 1,G,22.58,54.37,51.86,35.34,36.02,7.3,1.6,H,21.99,54.82,51.67,35.64,36.36,4.8,2.3,40.75,7.8,144,-43.75,-3291.34615384615
11:57:18,6/9/19,Shellmaker,Neg Control 1,G,22.66,54.28,51.86,35.28,35.95,7.2,1.7,H,21.99,54.83,51.68,35.64,36.37,4.8,2.4,40.75,7.8,144,-41.1764705882353,-3097.73755656109
11:57:19,6/9/19,Shellmaker,Neg Control 1,G,22.67,54.26,51.85,35.27,35.94,7.2,1.8,H,21.99,54.83,51.68,35.64,36.37,4.8,2.3,40.75,7.8,144,-27.7777777777778,-2089.74358974359
11:57:21,6/9/19,Shellmaker,Neg Control 1,G,22.66,54.26,51.83,35.27,35.93,7.2,1.6,H,21.99,54.84,51.68,35.64,36.37,4.8,2.2,40.75,7.8,144,-37.5,-2821.15384615385
11:57:22,6/9/19,Shellmaker,Neg Control 1,G,22.65,54.26,51.82,35.27,35.93,7.2,1.5,H,21.99,54.84,51.69,35.65,36.37,4.8,2.1,40.75,7.8,144,-40,-3009.23076923077
11:57:23,6/9/19,Shellmaker,Neg Control 1,G,22.65,54.27,51.83,35.28,35.94,7.2,1.7,H,22,54.84,51.69,35.64,36.37,4.8,2.1,40.75,7.8,144,-23.5294117647059,-1770.13574660634
11:57:24,6/9/19,Shellmaker,Neg Control 1,G,22.66,54.26,51.84,35.27,35.94,7.2,1.8,H,22,54.83,51.69,35.64,36.37,4.8,2.2,40.75,7.8,144,-22.2222222222222,-1671.79487179487
11:57:25,6/9/19,Shellmaker,Neg Control 1,G,22.67,54.26,51.84,35.27,35.93,7.2,1.9,H,22.01,54.83,51.7,35.64,36.37,4.8,2.2,40.75,7.8,144,-15.7894736842105,-1187.85425101215
11:57:26,6/9/19,Shellmaker,Neg Control 1,G,22.69,54.25,51.85,35.26,35.92,7.2,1.9,H,22.01,54.83,51.7,35.64,36.37,4.8,2.3,40.75,7.8,144,-21.0526315789474,-1583.80566801619
11:57:27,6/9/19,Shellmaker,Neg Control 1,G,22.69,54.24,51.85,35.26,35.92,7.2,1.7,H,22.01,54.83,51.7,35.64,36.37,4.8,2.4,40.75,7.8,144,-41.1764705882353,-3097.73755656109
11:57:29,6/9/19,Shellmaker,Neg Control 1,G,22.66,54.25,51.83,35.26,35.93,7.1,1.5,H,22,54.85,51.71,35.65,36.38,4.8,2.3,40.75,7.8,144,-53.3333333333333,-4012.30769230769
11:57:30,6/9/19,Shellmaker,Neg Control 1,G,22.65,54.25,51.82,35.26,35.93,7,1.5,H,22,54.86,51.71,35.66,36.39,4.8,2.2,40.75,7.8,144,-46.6666666666667,-3510.76923076923
11:57:31,6/9/19,Shellmaker,Neg Control 1,G,22.62,54.27,51.8,35.27,35.94,7,1.7,H,21.99,54.87,51.72,35.67,36.4,4.8,2.4,40.75,7.8,144,-41.1764705882353,-3097.73755656109
11:57:32,6/9/19,Shellmaker,Neg Control 1,G,22.61,54.28,51.8,35.28,35.95,7,1.7,H,21.99,54.87,51.72,35.67,36.4,4.8,2.4,40.75,7.8,144,-41.1764705882353,-3097.73755656109
11:57:33,6/9/19,Shellmaker,Neg Control 1,G,22.6,54.28,51.79,35.28,35.95,6.9,1.7,H,22,54.87,51.73,35.67,36.4,4.8,2.5,40.75,7.8,144,-47.0588235294118,-3540.27149321267
11:57:34,6/9/19,Shellmaker,Neg Control 1,G,22.56,54.31,51.78,35.3,35.97,6.9,1.6,H,22.01,54.87,51.73,35.66,36.39,4.8,2.9,40.75,7.8,144,-81.25,-6112.5
11:57:35,6/9/19,Shellmaker,Neg Control 1,G,22.55,54.32,51.78,35.31,35.98,6.9,1.5,H,22.01,54.87,51.74,35.66,36.39,4.8,2.9,40.75,7.8,144,-93.3333333333333,-7021.53846153846
11:57:37,6/9/19,Shellmaker,Neg Control 1,G,22.55,54.35,51.8,35.32,36,6.8,1.3,H,22.01,54.87,51.74,35.67,36.4,4.8,2.9,40.75,7.8,144,-123.076923076923,-9259.17159763313
11:57:38,6/9/19,Shellmaker,Neg Control 1,G,22.55,54.34,51.8,35.32,36,6.8,1.4,H,22.01,54.87,51.74,35.67,36.4,4.8,3,40.75,7.8,144,-114.285714285714,-8597.8021978022
11:57:39,6/9/19,Shellmaker,Neg Control 1,G,22.57,54.34,51.82,35.32,35.99,6.8,1.8,H,22.01,54.88,51.74,35.67,36.4,4.8,3.1,40.75,7.8,144,-72.2222222222222,-5433.33333333333
11:57:40,6/9/19,Shellmaker,Neg Control 1,G,22.57,54.34,51.82,35.32,36,6.8,1.9,H,22.01,54.88,51.74,35.67,36.4,4.8,3.1,40.75,7.8,144,-63.1578947368421,-4751.41700404858
11:57:41,6/9/19,Shellmaker,Neg Control 1,G,22.57,54.35,51.83,35.33,36,6.8,2,H,22.01,54.88,51.74,35.67,36.4,4.8,3.1,40.75,7.8,144,-55,-4137.69230769231
11:57:42,6/9/19,Shellmaker,Neg Control 1,G,22.57,54.36,51.83,35.33,36.01,6.8,2.1,H,22.01,54.88,51.75,35.68,36.41,4.8,2.9,40.75,7.8,144,-38.0952380952381,-2865.93406593407
11:57:43,6/9/19,Shellmaker,Neg Control 1,G,22.57,54.35,51.83,35.33,36,6.8,2.2,H,22.01,54.88,51.74,35.67,36.41,4.8,3,40.75,7.8,144,-36.3636363636364,-2735.66433566433
11:57:45,6/9/19,Shellmaker,Neg Control 1,G,22.56,54.32,51.79,35.31,35.98,6.7,2.4,H,22,54.88,51.74,35.67,36.4,4.8,2.9,40.75,7.8,144,-20.8333333333333,-1567.30769230769
11:57:46,6/9/19,Shellmaker,Neg Control 1,G,22.56,54.32,51.78,35.31,35.98,6.7,2.4,H,22,54.88,51.73,35.67,36.4,4.8,2.7,40.75,7.8,144,-12.5,-940.384615384616
11:57:47,6/9/19,Shellmaker,Neg Control 1,G,22.55,54.29,51.75,35.29,35.96,6.6,2.1,H,21.99,54.87,51.72,35.67,36.4,4.7,2.9,40.75,7.8,144,-38.0952380952381,-2865.93406593407
11:57:48,6/9/19,Shellmaker,Neg Control 1,G,22.55,54.28,51.75,35.28,35.95,6.6,2,H,21.99,54.87,51.72,35.67,36.4,4.7,2.9,40.75,7.8,144,-45,-3385.38461538461
11:57:49,6/9/19,Shellmaker,Neg Control 1,G,22.55,54.28,51.74,35.28,35.95,6.5,2.1,H,21.99,54.87,51.71,35.66,36.4,4.7,3.1,40.75,7.8,144,-47.6190476190476,-3582.41758241758
11:57:50,6/9/19,Shellmaker,Neg Control 1,G,22.56,54.26,51.73,35.27,35.93,6.5,2,H,21.98,54.86,51.7,35.66,36.39,4.7,3.1,40.75,7.8,144,-55,-4137.69230769231
11:57:51,6/9/19,Shellmaker,Neg Control 1,G,22.56,54.25,51.72,35.26,35.93,6.5,2.1,H,21.98,54.86,51.7,35.66,36.39,4.7,3.1,40.75,7.8,144,-47.6190476190476,-3582.41758241758
11:57:53,6/9/19,Shellmaker,Neg Control 1,G,22.53,54.28,51.71,35.28,35.95,6.4,2.1,H,21.97,54.86,51.69,35.66,36.39,4.7,2.9,40.75,7.8,144,-38.0952380952381,-2865.93406593407
11:57:54,6/9/19,Shellmaker,Neg Control 1,G,22.52,54.28,51.71,35.29,35.95,6.4,2,H,21.97,54.86,51.68,35.66,36.39,4.7,2.7,40.75,7.8,144,-35,-2633.07692307692
11:57:55,6/9/19,Shellmaker,Neg Control 1,G,22.47,54.32,51.7,35.31,35.98,6.3,1.9,H,21.96,54.85,51.67,35.66,36.39,4.7,2.9,40.75,7.8,144,-52.6315789473684,-3959.51417004049
11:57:56,6/9/19,Shellmaker,Neg Control 1,G,22.45,54.34,51.7,35.32,35.99,6.3,2,H,21.96,54.85,51.67,35.65,36.39,4.7,2.8,40.75,7.8,144,-40,-3009.23076923077
11:57:57,6/9/19,Shellmaker,Neg Control 1,G,22.44,54.36,51.7,35.33,36.01,6.2,2,H,21.96,54.85,51.66,35.65,36.38,4.7,2.9,40.75,7.8,144,-45,-3385.38461538461
11:57:58,6/9/19,Shellmaker,Neg Control 1,G,22.4,54.39,51.69,35.35,36.03,6.2,2.2,H,21.99,54.81,51.66,35.63,36.35,4.8,2.8,40.75,7.8,144,-27.2727272727273,-2051.74825174825
11:57:59,6/9/19,Shellmaker,Neg Control 1,G,22.4,54.39,51.68,35.35,36.03,6.2,2.2,H,22.01,54.79,51.66,35.61,36.34,4.8,2.9,40.75,7.8,144,-31.8181818181818,-2393.70629370629
11:58:01,6/9/19,Shellmaker,Neg Control 1,G,22.38,54.44,51.72,35.39,36.07,6.1,2.3,H,22.04,54.76,51.66,35.59,36.31,4.8,3.1,40.75,7.8,144,-34.7826086956522,-2616.72240802676
11:58:02,6/9/19,Shellmaker,Neg Control 1,G,22.38,54.44,51.72,35.39,36.07,6.1,2.5,H,22.06,54.75,51.67,35.59,36.31,4.7,2.9,40.75,7.8,144,-16,-1203.69230769231
11:58:03,6/9/19,Shellmaker,Neg Control 1,G,22.4,54.44,51.74,35.39,36.07,6.1,2.4,H,22.05,54.77,51.68,35.6,36.33,4.7,3.4,40.75,7.8,144,-41.6666666666667,-3134.61538461538
11:58:04,6/9/19,Shellmaker,Neg Control 1,G,22.41,54.43,51.74,35.38,36.07,6.1,2.7,H,22.04,54.79,51.69,35.61,36.33,4.7,3.3,40.75,7.8,144,-22.2222222222222,-1671.79487179487
11:58:05,6/9/19,Shellmaker,Neg Control 1,G,22.41,54.43,51.74,35.38,36.07,6.1,2.6,H,22.03,54.81,51.7,35.63,36.35,4.7,3.2,40.75,7.8,144,-23.0769230769231,-1736.09467455621
11:58:06,6/9/19,Shellmaker,Neg Control 1,G,22.42,54.44,51.75,35.38,36.07,6.1,2.6,H,22.01,54.85,51.71,35.65,36.38,4.7,3,40.75,7.8,144,-15.3846153846154,-1157.39644970414
11:58:07,6/9/19,Shellmaker,Neg Control 1,G,22.42,54.44,51.75,35.38,36.07,6.1,2.6,H,22,54.86,51.71,35.66,36.39,4.7,2.7,40.75,7.8,144,-3.84615384615385,-289.349112426036
11:58:09,6/9/19,Shellmaker,Neg Control 1,G,22.49,54.38,51.77,35.34,36.02,6.1,2.6,H,21.99,54.88,51.72,35.67,36.4,4.7,2.8,40.75,7.8,144,-7.69230769230768,-578.69822485207
11:58:10,6/9/19,Shellmaker,Neg Control 1,G,22.51,54.36,51.78,35.34,36.01,6.1,2.6,H,21.98,54.89,51.72,35.68,36.41,4.7,2.8,40.75,7.8,144,-7.69230769230768,-578.69822485207
11:58:11,6/9/19,Shellmaker,Neg Control 1,G,22.57,54.32,51.8,35.31,35.98,6.1,2.9,H,21.98,54.89,51.72,35.68,36.41,4.7,2.7,40.75,7.8,144,6.89655172413792,518.832891246684
11:58:12,6/9/19,Shellmaker,Neg Control 1,G,22.58,54.32,51.81,35.31,35.98,6.1,2.9,H,21.98,54.89,51.72,35.68,36.41,4.7,2.6,40.75,7.8,144,10.3448275862069,778.249336870026
11:58:13,6/9/19,Shellmaker,Neg Control 1,G,22.58,54.32,51.82,35.31,35.98,6.1,2.8,H,21.98,54.88,51.72,35.67,36.41,4.6,2.5,40.75,7.8,144,10.7142857142857,806.043956043956
11:58:14,6/9/19,Shellmaker,Neg Control 1,G,22.58,54.33,51.83,35.32,35.99,6,2.4,H,21.99,54.87,51.71,35.67,36.4,4.6,2.7,40.75,7.8,144,-12.5,-940.384615384616
11:58:15,6/9/19,Shellmaker,Neg Control 1,G,22.58,54.34,51.83,35.32,35.99,6,2.6,H,21.99,54.87,51.71,35.67,36.4,4.6,2.7,40.75,7.8,144,-3.84615384615385,-289.349112426036
11:58:17,6/9/19,Shellmaker,Neg Control 1,G,22.55,54.36,51.82,35.33,36.01,5.9,2.5,H,21.98,54.87,51.71,35.66,36.39,4.6,3,40.75,7.8,144,-20,-1504.61538461538
11:58:18,6/9/19,Shellmaker,Neg Control 1,G,22.55,54.36,51.82,35.34,36.01,5.9,2.3,H,21.99,54.86,51.7,35.66,36.39,4.6,2.7,40.75,7.8,144,-17.3913043478261,-1308.36120401338
11:58:19,6/9/19,Shellmaker,Neg Control 1,G,22.55,54.35,51.8,35.33,36,5.9,2.1,H,21.99,54.85,51.69,35.65,36.38,4.6,2.8,40.75,7.8,144,-33.3333333333333,-2507.69230769231
11:58:20,6/9/19,Shellmaker,Neg Control 1,G,22.55,54.35,51.8,35.32,36,5.8,2.2,H,21.99,54.84,51.69,35.65,36.38,4.6,2.8,40.75,7.8,144,-27.2727272727273,-2051.74825174825
11:58:21,6/9/19,Shellmaker,Neg Control 1,G,22.55,54.35,51.8,35.32,36,5.8,2.4,H,21.99,54.84,51.69,35.64,36.37,4.6,2.9,40.75,7.8,144,-20.8333333333333,-1567.30769230769
11:58:22,6/9/19,Shellmaker,Neg Control 1,G,22.53,54.35,51.78,35.32,36,5.7,2.1,H,22,54.83,51.69,35.64,36.37,4.6,2.6,40.75,7.8,144,-23.8095238095238,-1791.20879120879
11:58:23,6/9/19,Shellmaker,Neg Control 1,G,22.52,54.36,51.78,35.33,36.01,5.7,2,H,22,54.83,51.69,35.64,36.37,4.6,2.6,40.75,7.8,144,-30,-2256.92307692308
11:58:25,6/9/19,Shellmaker,Neg Control 1,G,22.47,54.41,51.78,35.37,36.05,5.7,2,H,22.02,54.81,51.69,35.62,36.35,4.6,2.7,40.75,7.8,144,-35,-2633.07692307692
11:58:26,6/9/19,Shellmaker,Neg Control 1,G,22.46,54.42,51.78,35.37,36.06,5.7,2,H,22.03,54.8,51.69,35.62,36.34,4.6,2.4,40.75,7.8,144,-20,-1504.61538461538
11:58:27,6/9/19,Shellmaker,Neg Control 1,G,22.45,54.43,51.78,35.38,36.07,5.7,2,H,22.03,54.81,51.7,35.62,36.35,4.7,2.2,40.75,7.8,144,-10,-752.307692307693
11:58:28,6/9/19,Shellmaker,Neg Control 1,G,22.46,54.42,51.78,35.37,36.06,5.7,2.1,H,22.03,54.81,51.7,35.63,36.35,4.7,2.2,40.75,7.8,144,-4.76190476190477,-358.241758241759
11:58:29,6/9/19,Shellmaker,Neg Control 1,G,22.46,54.41,51.77,35.36,36.05,5.7,2.1,H,22.03,54.83,51.71,35.64,36.37,4.6,2.2,40.75,7.8,144,-4.76190476190477,-358.241758241759
11:58:30,6/9/19,Shellmaker,Neg Control 1,G,22.46,54.39,51.76,35.36,36.04,5.7,2.3,H,22.02,54.85,51.73,35.65,36.38,4.6,2.1,40.75,7.8,144,8.69565217391303,654.180602006688
11:58:31,6/9/19,Shellmaker,Neg Control 1,G,22.46,54.39,51.75,35.35,36.03,5.7,2.5,H,22.01,54.86,51.73,35.66,36.39,4.6,2.3,40.75,7.8,144,8.00000000000001,601.846153846154
11:58:33,6/9/19,Shellmaker,Neg Control 1,G,22.41,54.4,51.71,35.36,36.04,5.6,2.5,H,22,54.88,51.73,35.67,36.4,4.6,2.5,40.75,7.8,144,0,0
11:58:34,6/9/19,Shellmaker,Neg Control 1,G,22.39,54.4,51.69,35.36,36.04,5.6,2.4,H,21.99,54.88,51.72,35.67,36.4,4.7,2.4,40.75,7.8,144,0,0
11:58:35,6/9/19,Shellmaker,Neg Control 1,G,22.36,54.4,51.65,35.36,36.04,5.5,2.4,H,21.98,54.88,51.72,35.67,36.4,4.7,2.1,40.75,7.8,144,12.5,940.384615384615
11:58:36,6/9/19,Shellmaker,Neg Control 1,G,22.35,54.4,51.65,35.36,36.04,5.5,2.3,H,21.98,54.88,51.71,35.67,36.4,4.7,2.1,40.75,7.8,144,8.69565217391303,654.180602006688
11:58:37,6/9/19,Shellmaker,Neg Control 1,G,22.34,54.4,51.63,35.36,36.04,5.5,2.4,H,21.98,54.88,51.71,35.67,36.4,4.7,2.2,40.75,7.8,144,8.33333333333332,626.923076923076
11:58:38,6/9/19,Shellmaker,Neg Control 1,G,22.34,54.39,51.63,35.36,36.04,5.5,2.6,H,21.97,54.88,51.7,35.67,36.4,4.7,2.2,40.75,7.8,144,15.3846153846154,1157.39644970414
11:58:39,6/9/19,Shellmaker,Neg Control 1,G,22.34,54.39,51.63,35.36,36.04,5.5,2.4,H,21.97,54.88,51.7,35.67,36.4,4.7,2.3,40.75,7.8,144,4.16666666666667,313.461538461539
11:58:41,6/9/19,Shellmaker,Neg Control 1,G,22.4,54.38,51.68,35.35,36.02,5.4,2.5,H,21.96,54.88,51.69,35.67,36.41,4.6,2.3,40.75,7.8,144,8.00000000000001,601.846153846154
11:58:42,6/9/19,Shellmaker,Neg Control 1,G,22.41,54.37,51.68,35.34,36.02,5.4,2.5,H,21.95,54.88,51.68,35.67,36.4,4.6,2.4,40.75,7.8,144,4,300.923076923077
11:58:43,6/9/19,Shellmaker,Neg Control 1,G,22.43,54.36,51.69,35.34,36.01,5.4,2.2,H,21.94,54.87,51.67,35.67,36.4,4.6,2.4,40.75,7.8,144,-9.09090909090908,-683.916083916083
11:58:44,6/9/19,Shellmaker,Neg Control 1,G,22.43,54.36,51.69,35.33,36.01,5.4,2,H,21.94,54.87,51.67,35.67,36.4,4.6,2.3,40.75,7.8,144,-15,-1128.46153846154
11:58:45,6/9/19,Shellmaker,Neg Control 1,G,22.42,54.36,51.69,35.34,36.01,5.4,2.1,H,21.94,54.87,51.66,35.67,36.4,4.6,2.2,40.75,7.8,144,-4.76190476190477,-358.241758241759
11:58:46,6/9/19,Shellmaker,Neg Control 1,G,22.4,54.36,51.66,35.33,36.01,5.4,1.9,H,21.94,54.86,51.66,35.66,36.39,4.6,2.3,40.75,7.8,144,-21.0526315789474,-1583.80566801619
11:58:47,6/9/19,Shellmaker,Neg Control 1,G,22.39,54.35,51.64,35.33,36,5.4,2.1,H,21.94,54.86,51.65,35.66,36.39,4.6,2.4,40.75,7.8,144,-14.2857142857143,-1074.72527472527
11:58:49,6/9/19,Shellmaker,Neg Control 1,G,22.33,54.35,51.58,35.33,36.01,5.4,1.7,H,21.94,54.85,51.64,35.65,36.39,4.6,2.3,40.75,7.8,144,-35.2941176470588,-2655.2036199095
11:58:50,6/9/19,Shellmaker,Neg Control 1,G,22.32,54.37,51.58,35.34,36.02,5.4,1.7,H,21.94,54.84,51.63,35.65,36.38,4.6,2.4,40.75,7.8,144,-41.1764705882353,-3097.73755656109
11:58:51,6/9/19,Shellmaker,Neg Control 1,G,22.29,54.4,51.59,35.36,36.04,5.4,1.9,H,21.93,54.84,51.63,35.64,36.37,4.6,2.5,40.75,7.8,144,-31.5789473684211,-2375.70850202429
11:58:52,6/9/19,Shellmaker,Neg Control 1,G,22.3,54.4,51.59,35.36,36.04,5.4,1.8,H,21.93,54.84,51.62,35.64,36.37,4.6,2.4,40.75,7.8,144,-33.3333333333333,-2507.69230769231
11:58:53,6/9/19,Shellmaker,Neg Control 1,G,22.3,54.4,51.6,35.36,36.04,5.4,1.7,H,21.93,54.83,51.62,35.64,36.37,4.6,2.6,40.75,7.8,144,-52.9411764705883,-3982.80542986425
11:58:54,6/9/19,Shellmaker,Neg Control 1,G,22.34,54.37,51.61,35.34,36.02,5.4,1.8,H,21.93,54.83,51.61,35.64,36.37,4.6,2.7,40.75,7.8,144,-50,-3761.53846153846
11:58:55,6/9/19,Shellmaker,Neg Control 1,G,22.36,54.36,51.62,35.33,36.01,5.4,1.7,H,21.93,54.83,51.61,35.64,36.37,4.6,2.7,40.75,7.8,144,-58.8235294117647,-4425.33936651584
11:58:57,6/9/19,Shellmaker,Neg Control 1,G,22.42,54.32,51.65,35.31,35.98,5.4,1.6,H,21.92,54.83,51.61,35.64,36.37,4.6,2.8,40.75,7.8,144,-75,-5642.30769230769
11:58:58,6/9/19,Shellmaker,Neg Control 1,G,22.42,54.32,51.64,35.31,35.98,5.4,1.6,H,21.92,54.83,51.61,35.64,36.37,4.6,3,40.75,7.8,144,-87.5,-6582.69230769231
11:58:59,6/9/19,Shellmaker,Neg Control 1,G,22.4,54.36,51.65,35.33,36.01,5.3,1.6,H,21.92,54.84,51.61,35.64,36.37,4.6,2.9,40.75,7.8,144,-81.25,-6112.5
11:59:00,6/9/19,Shellmaker,Neg Control 1,G,22.39,54.37,51.66,35.34,36.02,5.3,1.5,H,21.92,54.84,51.61,35.64,36.37,4.5,3,40.75,7.8,144,-100,-7523.07692307692
11:59:01,6/9/19,Shellmaker,Neg Control 1,G,22.38,54.39,51.67,35.36,36.04,5.4,1.6,H,21.92,54.84,51.61,35.64,36.37,4.5,3,40.75,7.8,144,-87.5,-6582.69230769231
11:59:02,6/9/19,Shellmaker,Neg Control 1,G,22.4,54.42,51.71,35.37,36.05,5.4,1.9,H,21.92,54.84,51.61,35.64,36.37,4.5,2.6,40.75,7.8,144,-36.8421052631579,-2771.65991902834
11:59:03,6/9/19,Shellmaker,Neg Control 1,G,22.41,54.42,51.73,35.37,36.05,5.4,2,H,21.92,54.83,51.61,35.64,36.37,4.5,2.7,40.75,7.8,144,-35,-2633.07692307692
11:59:05,6/9/19,Shellmaker,Neg Control 1,G,22.49,54.37,51.77,35.34,36.02,5.5,1.7,H,21.92,54.83,51.6,35.64,36.37,4.5,2.7,40.75,7.8,144,-58.8235294117647,-4425.33936651584
11:59:06,6/9/19,Shellmaker,Neg Control 1,G,22.5,54.35,51.76,35.33,36.01,5.5,1.8,H,21.92,54.82,51.6,35.64,36.36,4.5,2.6,40.75,7.8,144,-44.4444444444445,-3343.58974358974
11:59:07,6/9/19,Shellmaker,Neg Control 1,G,22.51,54.33,51.75,35.31,35.99,5.4,1.5,H,21.92,54.82,51.6,35.63,36.36,4.5,2.8,40.75,7.8,144,-86.6666666666667,-6520
11:59:08,6/9/19,Shellmaker,Neg Control 1,G,22.51,54.33,51.75,35.32,35.99,5.4,1.6,H,21.92,54.82,51.6,35.63,36.36,4.5,2.8,40.75,7.8,144,-75,-5642.30769230769
11:59:09,6/9/19,Shellmaker,Neg Control 1,G,22.5,54.34,51.74,35.32,36,5.4,1.7,H,21.92,54.82,51.59,35.63,36.36,4.6,2.9,40.75,7.8,144,-70.5882352941177,-5310.407239819
11:59:10,6/9/19,Shellmaker,Neg Control 1,G,22.46,54.35,51.72,35.33,36.01,5.4,1.6,H,21.92,54.82,51.59,35.63,36.36,4.6,2.8,40.75,7.8,144,-75,-5642.30769230769
11:59:11,6/9/19,Shellmaker,Neg Control 1,G,22.45,54.36,51.71,35.33,36.01,5.4,1.6,H,21.92,54.82,51.59,35.63,36.36,4.5,2.7,40.75,7.8,144,-68.75,-5172.11538461538
11:59:13,6/9/19,Shellmaker,Neg Control 1,G,22.39,54.39,51.69,35.36,36.04,5.4,1.6,H,21.92,54.82,51.59,35.63,36.36,4.5,2.7,40.75,7.8,144,-68.75,-5172.11538461538
11:59:14,6/9/19,Shellmaker,Neg Control 1,G,22.38,54.4,51.68,35.36,36.04,5.3,1.5,H,21.92,54.82,51.59,35.63,36.36,4.5,2.5,40.75,7.8,144,-66.6666666666667,-5015.38461538461
11:59:15,6/9/19,Shellmaker,Neg Control 1,G,22.35,54.41,51.66,35.37,36.05,5.3,1.7,H,21.92,54.82,51.59,35.63,36.36,4.5,2.3,40.75,7.8,144,-35.2941176470588,-2655.2036199095
11:59:16,6/9/19,Shellmaker,Neg Control 1,G,22.34,54.41,51.65,35.37,36.05,5.3,1.7,H,21.92,54.82,51.59,35.63,36.36,4.5,2.2,40.75,7.8,144,-29.4117647058824,-2212.66968325792
11:59:17,6/9/19,Shellmaker,Neg Control 1,G,22.34,54.41,51.64,35.37,36.05,5.3,1.6,H,21.92,54.82,51.59,35.63,36.36,4.5,2.4,40.75,7.8,144,-50,-3761.53846153846
11:59:18,6/9/19,Shellmaker,Neg Control 1,G,22.33,54.37,51.6,35.34,36.02,5.3,1.7,H,21.92,54.82,51.59,35.63,36.36,4.5,2.6,40.75,7.8,144,-52.9411764705883,-3982.80542986425
11:59:19,6/9/19,Shellmaker,Neg Control 1,G,22.32,54.37,51.58,35.34,36.02,5.2,1.8,H,21.92,54.81,51.59,35.63,36.36,4.5,2.6,40.75,7.8,144,-44.4444444444445,-3343.58974358974
11:59:21,6/9/19,Shellmaker,Neg Control 1,G,22.29,54.38,51.56,35.35,36.03,5.2,1.7,H,21.93,54.8,51.59,35.62,36.35,4.5,2.5,40.75,7.8,144,-47.0588235294118,-3540.27149321267
11:59:22,6/9/19,Shellmaker,Neg Control 1,G,22.29,54.38,51.56,35.35,36.03,5.2,1.6,H,21.93,54.81,51.6,35.62,36.35,4.5,2.4,40.75,7.8,144,-50,-3761.53846153846
11:59:23,6/9/19,Shellmaker,Neg Control 1,G,22.3,54.37,51.56,35.34,36.02,5.2,1.6,H,21.93,54.82,51.61,35.63,36.36,4.5,2.2,40.75,7.8,144,-37.5,-2821.15384615385
11:59:24,6/9/19,Shellmaker,Neg Control 1,G,22.31,54.36,51.56,35.33,36.01,5.2,1.7,H,21.93,54.83,51.61,35.64,36.37,4.5,2.1,40.75,7.8,144,-23.5294117647059,-1770.13574660634
11:59:25,6/9/19,Shellmaker,Neg Control 1,G,22.31,54.35,51.56,35.33,36.01,5.2,1.7,H,21.92,54.83,51.61,35.64,36.37,4.5,2,40.75,7.8,144,-17.6470588235294,-1327.60180995475
11:59:26,6/9/19,Shellmaker,Neg Control 1,G,22.32,54.34,51.55,35.32,36,5.2,1.7,H,21.92,54.84,51.61,35.65,36.37,4.5,2.3,40.75,7.8,144,-35.2941176470588,-2655.2036199095
11:59:27,6/9/19,Shellmaker,Neg Control 1,G,22.32,54.33,51.54,35.31,35.99,5.2,1.8,H,21.92,54.84,51.61,35.65,36.37,4.5,2.4,40.75,7.8,144,-33.3333333333333,-2507.69230769231
11:59:29,6/9/19,Shellmaker,Neg Control 1,G,22.29,54.32,51.51,35.31,35.98,5.1,1.8,H,21.92,54.84,51.61,35.65,36.37,4.5,2.2,40.75,7.8,144,-22.2222222222222,-1671.79487179487
11:59:30,6/9/19,Shellmaker,Neg Control 1,G,22.29,54.32,51.5,35.31,35.98,5.1,1.7,H,21.92,54.83,51.61,35.64,36.37,4.5,2.2,40.75,7.8,144,-29.4117647058824,-2212.66968325792
11:59:31,6/9/19,Shellmaker,Neg Control 1,G,22.25,54.33,51.48,35.32,35.99,5.1,1.5,H,21.92,54.84,51.61,35.64,36.37,4.5,2.2,40.75,7.8,144,-46.6666666666667,-3510.76923076923
11:59:32,6/9/19,Shellmaker,Neg Control 1,G,22.25,54.34,51.48,35.32,36,5.1,1.3,H,21.91,54.84,51.61,35.65,36.38,4.5,2.2,40.75,7.8,144,-69.2307692307692,-5208.28402366864
11:59:33,6/9/19,Shellmaker,Neg Control 1,G,22.24,54.34,51.48,35.32,36,5.1,1.4,H,21.9,54.86,51.61,35.66,36.39,4.5,2.2,40.75,7.8,144,-57.1428571428572,-4298.9010989011
11:59:34,6/9/19,Shellmaker,Neg Control 1,G,22.23,54.35,51.48,35.33,36.01,5.1,1.5,H,21.87,54.89,51.61,35.68,36.41,4.5,2.2,40.75,7.8,144,-46.6666666666667,-3510.76923076923
11:59:35,6/9/19,Shellmaker,Neg Control 1,G,22.23,54.35,51.48,35.33,36.01,5.1,1.3,H,21.86,54.9,51.61,35.68,36.42,4.5,2.2,40.75,7.8,144,-69.2307692307692,-5208.28402366864
11:59:37,6/9/19,Shellmaker,Neg Control 1,G,22.22,54.37,51.48,35.34,36.02,5.1,1.5,H,21.85,54.91,51.61,35.69,36.43,4.5,2.2,40.75,7.8,144,-46.6666666666667,-3510.76923076923
11:59:38,6/9/19,Shellmaker,Neg Control 1,G,22.22,54.37,51.48,35.34,36.02,5.1,1.4,H,21.85,54.91,51.61,35.69,36.43,4.5,2.2,40.75,7.8,144,-57.1428571428572,-4298.9010989011
11:59:39,6/9/19,Shellmaker,Neg Control 1,G,22.23,54.35,51.48,35.33,36.01,5.1,1.2,H,21.86,54.91,51.62,35.69,36.43,4.5,2.1,40.75,7.8,144,-75,-5642.30769230769
11:59:40,6/9/19,Shellmaker,Neg Control 1,G,22.24,54.35,51.48,35.33,36,5.1,1.2,H,21.87,54.91,51.62,35.69,36.43,4.5,2,40.75,7.8,144,-66.6666666666667,-5015.38461538462
11:59:41,6/9/19,Shellmaker,Neg Control 1,G,22.24,54.34,51.48,35.32,36,5.1,1.3,H,21.88,54.91,51.63,35.69,36.43,4.5,2,40.75,7.8,144,-53.8461538461539,-4050.8875739645
11:59:42,6/9/19,Shellmaker,Neg Control 1,G,22.25,54.33,51.47,35.31,35.99,5.1,1.5,H,21.88,54.9,51.63,35.69,36.42,4.5,2,40.75,7.8,144,-33.3333333333333,-2507.69230769231
11:59:43,6/9/19,Shellmaker,Neg Control 1,G,22.25,54.33,51.47,35.31,35.99,5.1,1.4,H,21.88,54.9,51.63,35.69,36.42,4.5,2.1,40.75,7.8,144,-50,-3761.53846153846
11:59:45,6/9/19,Shellmaker,Neg Control 1,G,22.27,54.34,51.5,35.32,36,5.1,1.6,H,21.88,54.91,51.63,35.69,36.42,4.5,2.4,40.75,7.8,144,-50,-3761.53846153846
11:59:46,6/9/19,Shellmaker,Neg Control 1,G,22.27,54.35,51.51,35.33,36,5.1,1.7,H,21.87,54.91,51.63,35.69,36.43,4.5,2.2,40.75,7.8,144,-29.4117647058824,-2212.66968325792
11:59:47,6/9/19,Shellmaker,Neg Control 1,G,22.27,54.36,51.53,35.34,36.01,5.1,1.5,H,21.87,54.91,51.63,35.69,36.43,4.4,2.2,40.75,7.8,144,-46.6666666666667,-3510.76923076923
11:59:48,6/9/19,Shellmaker,Neg Control 1,G,22.28,54.36,51.53,35.33,36.01,5.1,1.4,H,21.86,54.91,51.63,35.69,36.43,4.4,2.2,40.75,7.8,144,-57.1428571428572,-4298.9010989011
11:59:49,6/9/19,Shellmaker,Neg Control 1,G,22.28,54.35,51.53,35.33,36.01,5.1,1.4,H,21.86,54.91,51.62,35.69,36.43,4.4,2.3,40.75,7.8,144,-64.2857142857143,-4836.26373626374
11:59:50,6/9/19,Shellmaker,Neg Control 1,G,22.28,54.36,51.53,35.33,36.01,5.1,1.6,H,21.84,54.92,51.61,35.7,36.44,4.4,2.3,40.75,7.8,144,-43.75,-3291.34615384615
11:59:51,6/9/19,Shellmaker,Neg Control 1,G,22.27,54.36,51.53,35.33,36.01,5,1.6,H,21.84,54.92,51.61,35.7,36.44,4.4,2.3,40.75,7.8,144,-43.75,-3291.34615384615
11:59:53,6/9/19,Shellmaker,Neg Control 1,G,22.25,54.35,51.49,35.33,36,5,1.8,H,21.84,54.92,51.61,35.7,36.44,4.4,2.4,40.75,7.8,144,-33.3333333333333,-2507.69230769231
11:59:54,6/9/19,Shellmaker,Neg Control 1,G,22.25,54.34,51.49,35.32,36,5,1.9,H,21.87,54.88,51.61,35.67,36.41,4.4,2.3,40.75,7.8,144,-21.0526315789474,-1583.80566801619
11:59:55,6/9/19,Shellmaker,Neg Control 1,G,22.28,54.33,51.51,35.31,35.99,5,1.8,H,21.89,54.86,51.61,35.66,36.39,4.3,2.3,40.75,7.8,144,-27.7777777777778,-2089.74358974359
11:59:56,6/9/19,Shellmaker,Neg Control 1,G,22.29,54.33,51.52,35.31,35.99,5,1.9,H,21.89,54.86,51.61,35.66,36.39,4.3,2.3,40.75,7.8,144,-21.0526315789474,-1583.80566801619
11:59:57,6/9/19,Shellmaker,Neg Control 1,G,22.3,54.32,51.53,35.31,35.99,5,1.8,H,21.89,54.87,51.61,35.66,36.4,4.4,2.5,40.75,7.8,144,-38.8888888888889,-2925.64102564103
11:59:58,6/9/19,Shellmaker,Neg Control 1,G,22.35,54.31,51.57,35.3,35.98,5,1.7,H,21.87,54.88,51.6,35.67,36.41,4.3,2.7,40.75,7.8,144,-58.8235294117647,-4425.33936651584
11:59:59,6/9/19,Shellmaker,Neg Control 1,G,22.37,54.31,51.58,35.3,35.98,5,1.9,H,21.87,54.88,51.6,35.67,36.41,4.3,2.7,40.75,7.8,144,-42.1052631578948,-3167.61133603239
12:00:01,6/9/19,Shellmaker,Neg Control 1,G,22.39,54.33,51.63,35.32,35.99,5,2.1,H,21.86,54.89,51.6,35.68,36.42,4.3,2.8,40.75,7.8,144,-33.3333333333333,-2507.69230769231
12:00:02,6/9/19,Shellmaker,Neg Control 1,G,22.4,54.33,51.63,35.32,35.99,5,2,H,21.85,54.9,51.59,35.68,36.42,4.3,2.8,40.75,7.8,144,-40,-3009.23076923077
12:00:03,6/9/19,Shellmaker,Neg Control 1,G,22.38,54.33,51.61,35.31,35.99,5,1.5,H,21.85,54.89,51.59,35.68,36.41,4.3,2.9,40.75,7.8,144,-93.3333333333333,-7021.53846153846
12:00:04,6/9/19,Shellmaker,Neg Control 1,G,22.37,54.33,51.6,35.31,35.99,5,1.5,H,21.86,54.88,51.59,35.67,36.41,4.3,3,40.75,7.8,144,-100,-7523.07692307692
12:00:05,6/9/19,Shellmaker,Neg Control 1,G,22.37,54.33,51.6,35.31,35.99,5,1.5,H,21.86,54.87,51.58,35.67,36.4,4.3,3,40.75,7.8,144,-100,-7523.07692307692
12:00:06,6/9/19,Shellmaker,Neg Control 1,G,22.35,54.32,51.57,35.31,35.98,5,1.5,H,21.87,54.86,51.58,35.66,36.39,4.3,3,40.75,7.8,144,-100,-7523.07692307692
12:00:07,6/9/19,Shellmaker,Neg Control 1,G,22.35,54.32,51.56,35.3,35.98,5,1.3,H,21.87,54.87,51.59,35.67,36.4,4.3,3,40.75,7.8,144,-130.769230769231,-9837.8698224852
12:00:09,6/9/19,Shellmaker,Neg Control 1,G,22.31,54.29,51.51,35.29,35.96,5,1.1,H,21.86,54.89,51.6,35.68,36.42,4.4,2.8,40.75,7.8,144,-154.545454545455,-11626.5734265734
12:00:10,6/9/19,Shellmaker,Neg Control 1,G,22.3,54.29,51.49,35.29,35.96,5,1.1,H,21.86,54.91,51.62,35.69,36.43,4.5,2.8,40.75,7.8,144,-154.545454545455,-11626.5734265734
12:00:11,6/9/19,Shellmaker,Neg Control 1,G,22.25,54.3,51.44,35.29,35.97,4.9,1.2,H,21.88,54.91,51.63,35.69,36.42,4.4,2.9,40.75,7.8,144,-141.666666666667,-10657.6923076923
12:00:12,6/9/19,Shellmaker,Neg Control 1,G,22.24,54.3,51.44,35.3,35.97,4.9,1,H,21.88,54.91,51.63,35.69,36.42,4.4,2.7,40.75,7.8,144,-170,-12789.2307692308
12:00:13,6/9/19,Shellmaker,Neg Control 1,G,22.23,54.31,51.43,35.3,35.98,4.9,1.2,H,21.88,54.9,51.63,35.69,36.42,4.4,2.8,40.75,7.8,144,-133.333333333333,-10030.7692307692
12:00:14,6/9/19,Shellmaker,Neg Control 1,G,22.2,54.33,51.42,35.31,35.99,4.9,1.2,H,21.89,54.89,51.63,35.68,36.41,4.4,2.5,40.75,7.8,144,-108.333333333333,-8150
12:00:15,6/9/19,Shellmaker,Neg Control 1,G,22.19,54.33,51.42,35.32,35.99,4.9,1.2,H,21.9,54.89,51.64,35.68,36.41,4.4,2.5,40.75,7.8,144,-108.333333333333,-8150
12:00:17,6/9/19,Shellmaker,Neg Control 1,G,22.19,54.38,51.45,35.34,36.03,4.9,1.2,H,21.91,54.88,51.64,35.68,36.41,4.4,2.6,40.75,7.8,144,-116.666666666667,-8776.92307692308
12:00:18,6/9/19,Shellmaker,Neg Control 1,G,22.19,54.38,51.46,35.35,36.03,4.9,1.4,H,21.91,54.89,51.65,35.68,36.42,4.4,2.5,40.75,7.8,144,-78.5714285714286,-5910.98901098901
12:00:19,6/9/19,Shellmaker,Neg Control 1,G,22.2,54.41,51.49,35.36,36.05,4.9,1.4,H,21.9,54.91,51.66,35.69,36.43,4.4,2.6,40.75,7.8,144,-85.7142857142858,-6448.35164835165
12:00:20,6/9/19,Shellmaker,Neg Control 1,G,22.2,54.41,51.49,35.36,36.05,4.9,1.4,H,21.9,54.91,51.66,35.69,36.43,4.4,2.6,40.75,7.8,144,-85.7142857142858,-6448.35164835165
12:00:21,6/9/19,Shellmaker,Neg Control 1,G,22.2,54.4,51.48,35.36,36.04,4.9,1.3,H,21.9,54.91,51.66,35.69,36.43,4.3,2.5,40.75,7.8,144,-92.3076923076923,-6944.37869822485
12:00:22,6/9/19,Shellmaker,Neg Control 1,G,22.2,54.39,51.48,35.35,36.03,4.9,1.6,H,21.9,54.91,51.66,35.69,36.43,4.4,2.4,40.75,7.8,144,-50,-3761.53846153846
12:00:23,6/9/19,Shellmaker,Neg Control 1,G,22.2,54.38,51.48,35.35,36.03,4.9,1.8,H,21.9,54.9,51.66,35.69,36.42,4.4,2.4,40.75,7.8,144,-33.3333333333333,-2507.69230769231
12:00:25,6/9/19,Shellmaker,Neg Control 1,G,22.24,54.33,51.47,35.32,35.99,4.8,1.9,H,21.9,54.9,51.65,35.68,36.42,4.4,2.5,40.75,7.8,144,-31.5789473684211,-2375.70850202429
12:00:26,6/9/19,Shellmaker,Neg Control 1,G,22.25,54.33,51.48,35.31,35.99,4.8,1.9,H,21.9,54.9,51.64,35.68,36.42,4.4,2.5,40.75,7.8,144,-31.5789473684211,-2375.70850202429
12:00:27,6/9/19,Shellmaker,Neg Control 1,G,22.27,54.35,51.51,35.32,36,4.8,1.7,H,21.89,54.9,51.63,35.69,36.42,4.4,2.4,40.75,7.8,144,-41.1764705882353,-3097.73755656109
12:00:28,6/9/19,Shellmaker,Neg Control 1,G,22.27,54.36,51.52,35.33,36.01,4.8,1.8,H,21.88,54.9,51.63,35.69,36.42,4.4,2.2,40.75,7.8,144,-22.2222222222222,-1671.79487179487
12:00:29,6/9/19,Shellmaker,Neg Control 1,G,22.26,54.37,51.52,35.34,36.02,4.8,1.8,H,21.88,54.9,51.63,35.69,36.42,4.3,2.1,40.75,7.8,144,-16.6666666666667,-1253.84615384615
12:00:30,6/9/19,Shellmaker,Neg Control 1,G,22.24,54.39,51.52,35.36,36.04,4.8,1.7,H,21.88,54.9,51.63,35.68,36.42,4.3,2.1,40.75,7.8,144,-23.5294117647059,-1770.13574660634
12:00:31,6/9/19,Shellmaker,Neg Control 1,G,22.23,54.4,51.52,35.36,36.04,4.8,1.8,H,21.88,54.9,51.62,35.68,36.42,4.3,2.1,40.75,7.8,144,-16.6666666666667,-1253.84615384615
12:00:33,6/9/19,Shellmaker,Neg Control 1,G,22.23,54.38,51.5,35.35,36.03,4.8,1.5,H,21.88,54.89,51.62,35.68,36.41,4.3,2.1,40.75,7.8,144,-40,-3009.23076923077
12:00:34,6/9/19,Shellmaker,Neg Control 1,G,22.24,54.37,51.5,35.34,36.02,4.8,1.4,H,21.89,54.88,51.62,35.67,36.41,4.4,2.1,40.75,7.8,144,-50,-3761.53846153846
12:00:35,6/9/19,Shellmaker,Neg Control 1,G,22.28,54.35,51.52,35.32,36,4.8,1.3,H,21.89,54.87,51.62,35.67,36.4,4.4,2.1,40.75,7.8,144,-61.5384615384615,-4629.58579881657
12:00:36,6/9/19,Shellmaker,Neg Control 1,G,22.29,54.34,51.53,35.32,36,4.8,1.3,H,21.89,54.87,51.62,35.67,36.4,4.4,2.2,40.75,7.8,144,-69.2307692307692,-5208.28402366864
12:00:37,6/9/19,Shellmaker,Neg Control 1,G,22.29,54.34,51.52,35.32,36,4.8,1.4,H,21.9,54.87,51.61,35.66,36.4,4.3,2.1,40.75,7.8,144,-50,-3761.53846153846
12:00:38,6/9/19,Shellmaker,Neg Control 1,G,22.27,54.34,51.51,35.32,36,4.8,1.3,H,21.9,54.86,51.61,35.66,36.39,4.3,2.4,40.75,7.8,144,-84.6153846153846,-6365.68047337278
12:00:39,6/9/19,Shellmaker,Neg Control 1,G,22.26,54.34,51.5,35.32,36,4.8,1.3,H,21.89,54.86,51.61,35.66,36.39,4.4,2.5,40.75,7.8,144,-92.3076923076923,-6944.37869822485
12:00:41,6/9/19,Shellmaker,Neg Control 1,G,22.2,54.36,51.46,35.34,36.02,4.8,1.4,H,21.89,54.86,51.61,35.66,36.39,4.4,2.5,40.75,7.8,144,-78.5714285714286,-5910.98901098901
12:00:42,6/9/19,Shellmaker,Neg Control 1,G,22.19,54.37,51.45,35.34,36.02,4.8,1.5,H,21.9,54.86,51.61,35.66,36.39,4.4,2.3,40.75,7.8,144,-53.3333333333333,-4012.30769230769
12:00:43,6/9/19,Shellmaker,Neg Control 1,G,22.17,54.36,51.42,35.34,36.02,4.8,1.5,H,21.9,54.86,51.61,35.66,36.39,4.4,2.4,40.75,7.8,144,-60,-4513.84615384615
12:00:44,6/9/19,Shellmaker,Neg Control 1,G,22.16,54.36,51.41,35.33,36.01,4.8,1.7,H,21.9,54.86,51.61,35.66,36.39,4.4,2.5,40.75,7.8,144,-47.0588235294118,-3540.27149321267
12:00:45,6/9/19,Shellmaker,Neg Control 1,G,22.16,54.35,51.4,35.33,36.01,4.8,1.6,H,21.9,54.86,51.61,35.66,36.39,4.4,2.5,40.75,7.8,144,-56.25,-4231.73076923077
12:00:46,6/9/19,Shellmaker,Neg Control 1,G,22.15,54.32,51.36,35.31,35.99,4.8,1.5,H,21.9,54.87,51.62,35.67,36.4,4.3,2.5,40.75,7.8,144,-66.6666666666667,-5015.38461538461
12:00:47,6/9/19,Shellmaker,Neg Control 1,G,22.14,54.32,51.36,35.31,35.99,4.7,1.6,H,21.9,54.87,51.62,35.67,36.4,4.3,2.7,40.75,7.8,144,-68.75,-5172.11538461538
12:00:49,6/9/19,Shellmaker,Neg Control 1,G,22.14,54.32,51.35,35.31,35.98,4.7,2,H,21.9,54.87,51.63,35.67,36.4,4.3,2.6,40.75,7.8,144,-30,-2256.92307692308
12:00:50,6/9/19,Shellmaker,Neg Control 1,G,22.15,54.32,51.36,35.31,35.99,4.7,2,H,21.91,54.87,51.63,35.66,36.4,4.3,2.4,40.75,7.8,144,-20,-1504.61538461538
12:00:51,6/9/19,Shellmaker,Neg Control 1,G,22.18,54.32,51.39,35.31,35.99,4.7,1.7,H,21.92,54.87,51.64,35.67,36.4,4.4,2.5,40.75,7.8,144,-47.0588235294118,-3540.27149321267
12:00:52,6/9/19,Shellmaker,Neg Control 1,G,22.18,54.33,51.41,35.31,35.99,4.7,1.7,H,21.92,54.87,51.65,35.67,36.4,4.4,2.5,40.75,7.8,144,-47.0588235294118,-3540.27149321267
12:00:53,6/9/19,Shellmaker,Neg Control 1,G,22.19,54.33,51.42,35.32,35.99,4.7,1.7,H,21.92,54.88,51.65,35.67,36.41,4.4,2.4,40.75,7.8,144,-41.1764705882353,-3097.73755656109
12:00:54,6/9/19,Shellmaker,Neg Control 1,G,22.21,54.35,51.45,35.33,36.01,4.7,1.5,H,21.92,54.89,51.66,35.68,36.41,4.3,2.2,40.75,7.8,144,-46.6666666666667,-3510.76923076923
12:00:55,6/9/19,Shellmaker,Neg Control 1,G,22.21,54.36,51.46,35.33,36.01,4.7,1.6,H,21.92,54.89,51.66,35.68,36.41,4.3,2.2,40.75,7.8,144,-37.5,-2821.15384615385
12:00:57,6/9/19,Shellmaker,Neg Control 1,G,22.22,54.39,51.5,35.36,36.04,4.7,1.4,H,21.93,54.89,51.67,35.68,36.41,4.4,2.5,40.75,7.8,144,-78.5714285714286,-5910.98901098901
12:00:58,6/9/19,Shellmaker,Neg Control 1,G,22.22,54.4,51.51,35.36,36.04,4.7,1.3,H,21.94,54.88,51.67,35.67,36.4,4.5,2.4,40.75,7.8,144,-84.6153846153846,-6365.68047337278
12:00:59,6/9/19,Shellmaker,Neg Control 1,G,22.23,54.4,51.51,35.36,36.04,4.7,1.5,H,21.94,54.88,51.67,35.67,36.4,4.5,2.4,40.75,7.8,144,-60,-4513.84615384615
12:01:00,6/9/19,Shellmaker,Neg Control 1,G,22.23,54.39,51.51,35.35,36.04,4.7,1.5,H,21.94,54.88,51.67,35.67,36.4,4.5,2.5,40.75,7.8,144,-66.6666666666667,-5015.38461538461
12:01:01,6/9/19,Shellmaker,Neg Control 1,G,22.23,54.38,51.5,35.35,36.03,4.7,1.8,H,21.95,54.87,51.68,35.67,36.4,4.5,2.4,40.75,7.8,144,-33.3333333333333,-2507.69230769231
12:01:02,6/9/19,Shellmaker,Neg Control 1,G,22.23,54.36,51.48,35.33,36.01,4.7,1.8,H,21.95,54.87,51.68,35.67,36.4,4.5,2.3,40.75,7.8,144,-27.7777777777778,-2089.74358974359
12:01:03,6/9/19,Shellmaker,Neg Control 1,G,22.24,54.35,51.48,35.32,36,4.6,2,H,21.96,54.87,51.68,35.67,36.4,4.5,2.2,40.75,7.8,144,-10,-752.307692307693
12:01:05,6/9/19,Shellmaker,Neg Control 1,G,22.24,54.3,51.44,35.29,35.97,4.7,2,H,21.97,54.86,51.69,35.66,36.39,4.5,2.4,40.75,7.8,144,-20,-1504.61538461538
12:01:06,6/9/19,Shellmaker,Neg Control 1,G,22.24,54.29,51.43,35.29,35.96,4.7,1.9,H,21.98,54.85,51.69,35.65,36.38,4.5,2.5,40.75,7.8,144,-31.5789473684211,-2375.70850202429
12:01:07,6/9/19,Shellmaker,Neg Control 1,G,22.22,54.29,51.41,35.29,35.96,4.7,1.9,H,21.99,54.85,51.7,35.65,36.38,4.5,2.5,40.75,7.8,144,-31.5789473684211,-2375.70850202429
12:01:08,6/9/19,Shellmaker,Neg Control 1,G,22.22,54.29,51.4,35.29,35.96,4.7,2,H,21.99,54.85,51.7,35.65,36.38,4.5,2.4,40.75,7.8,144,-20,-1504.61538461538
12:01:09,6/9/19,Shellmaker,Neg Control 1,G,22.21,54.29,51.4,35.29,35.96,4.7,2,H,21.99,54.86,51.71,35.66,36.39,4.5,2.3,40.75,7.8,144,-15,-1128.46153846154
12:01:10,6/9/19,Shellmaker,Neg Control 1,G,22.19,54.31,51.39,35.3,35.97,4.7,2,H,22,54.86,51.71,35.66,36.39,4.5,2.4,40.75,7.8,144,-20,-1504.61538461538
12:01:11,6/9/19,Shellmaker,Neg Control 1,G,22.19,54.31,51.39,35.3,35.98,4.6,2,H,22,54.86,51.72,35.66,36.39,4.5,2.3,40.75,7.8,144,-15,-1128.46153846154
12:01:13,6/9/19,Shellmaker,Neg Control 1,G,22.19,54.32,51.4,35.31,35.98,4.7,1.6,H,22,54.86,51.72,35.66,36.39,4.5,2.4,40.75,7.8,144,-50,-3761.53846153846
12:01:14,6/9/19,Shellmaker,Neg Control 1,G,22.2,54.32,51.41,35.31,35.99,4.7,1.5,H,21.99,54.87,51.72,35.67,36.4,4.5,2.4,40.75,7.8,144,-60,-4513.84615384615
12:01:15,6/9/19,Shellmaker,Neg Control 1,G,22.22,54.33,51.45,35.32,35.99,4.6,2,H,21.99,54.87,51.72,35.67,36.4,4.5,2.4,40.75,7.8,144,-20,-1504.61538461538
12:01:16,6/9/19,Shellmaker,Neg Control 1,G,22.23,54.34,51.46,35.32,36,4.6,1.8,H,21.99,54.88,51.72,35.67,36.4,4.5,2.2,40.75,7.8,144,-22.2222222222222,-1671.79487179487
12:01:17,6/9/19,Shellmaker,Neg Control 1,G,22.24,54.34,51.47,35.32,36,4.6,1.9,H,21.99,54.88,51.72,35.67,36.4,4.5,2.3,40.75,7.8,144,-21.0526315789474,-1583.80566801619
12:01:18,6/9/19,Shellmaker,Neg Control 1,G,22.26,54.34,51.49,35.32,36,4.6,2,H,21.99,54.87,51.72,35.67,36.4,4.5,2.4,40.75,7.8,144,-20,-1504.61538461538
12:01:19,6/9/19,Shellmaker,Neg Control 1,G,22.27,54.34,51.5,35.32,35.99,4.7,1.9,H,21.99,54.87,51.72,35.67,36.4,4.5,2.3,40.75,7.8,144,-21.0526315789474,-1583.80566801619
12:01:21,6/9/19,Shellmaker,Neg Control 1,G,22.33,54.3,51.53,35.29,35.97,4.7,2,H,21.99,54.87,51.71,35.67,36.4,4.5,2.8,40.75,7.8,144,-40,-3009.23076923077
12:01:22,6/9/19,Shellmaker,Neg Control 1,G,22.34,54.29,51.53,35.29,35.96,4.6,2.1,H,21.99,54.87,51.71,35.66,36.39,4.5,2.9,40.75,7.8,144,-38.0952380952381,-2865.93406593407
12:01:23,6/9/19,Shellmaker,Neg Control 1,G,22.35,54.28,51.53,35.28,35.95,4.7,2.3,H,21.99,54.86,51.71,35.66,36.39,4.6,3.1,40.75,7.8,144,-34.7826086956522,-2616.72240802676
12:01:24,6/9/19,Shellmaker,Neg Control 1,G,22.35,54.27,51.52,35.28,35.95,4.7,2.2,H,21.99,54.86,51.71,35.66,36.39,4.6,3,40.75,7.8,144,-36.3636363636364,-2735.66433566433
12:01:25,6/9/19,Shellmaker,Neg Control 1,G,22.35,54.26,51.52,35.27,35.94,4.7,2.3,H,22,54.85,51.71,35.65,36.38,4.6,3,40.75,7.8,144,-30.4347826086957,-2289.63210702341
12:01:26,6/9/19,Shellmaker,Neg Control 1,G,22.34,54.25,51.5,35.26,35.93,4.7,2.2,H,22.03,54.83,51.72,35.64,36.37,4.7,2.8,40.75,7.8,144,-27.2727272727273,-2051.74825174825
12:01:27,6/9/19,Shellmaker,Neg Control 1,G,22.34,54.25,51.5,35.27,35.93,4.7,2.2,H,22.04,54.82,51.72,35.63,36.36,4.7,2.8,40.75,7.8,144,-27.2727272727273,-2051.74825174825
12:01:29,6/9/19,Shellmaker,Neg Control 1,G,22.31,54.29,51.5,35.29,35.96,4.7,2.2,H,22.06,54.8,51.73,35.62,36.35,4.7,2.6,40.75,7.8,144,-18.1818181818182,-1367.83216783217
12:01:30,6/9/19,Shellmaker,Neg Control 1,G,22.3,54.29,51.5,35.29,35.96,4.7,2.1,H,22.07,54.81,51.74,35.62,36.35,4.7,2.2,40.75,7.8,144,-4.76190476190477,-358.241758241759
12:01:31,6/9/19,Shellmaker,Neg Control 1,G,22.3,54.29,51.49,35.29,35.96,4.7,2,H,22.06,54.82,51.74,35.63,36.36,4.7,2.2,40.75,7.8,144,-10,-752.307692307693
12:01:32,6/9/19,Shellmaker,Neg Control 1,G,22.3,54.28,51.49,35.28,35.96,4.7,2,H,22.06,54.83,51.75,35.64,36.36,4.7,2.2,40.75,7.8,144,-10,-752.307692307693
12:01:33,6/9/19,Shellmaker,Neg Control 1,G,22.31,54.27,51.48,35.28,35.95,4.7,2.1,H,22.05,54.84,51.75,35.64,36.37,4.7,2.2,40.75,7.8,144,-4.76190476190477,-358.241758241759
12:01:34,6/9/19,Shellmaker,Neg Control 1,G,22.31,54.25,51.47,35.26,35.93,4.7,2.1,H,22.04,54.85,51.75,35.65,36.38,4.7,2.1,40.75,7.8,144,0,0
12:01:35,6/9/19,Shellmaker,Neg Control 1,G,22.31,54.25,51.47,35.26,35.93,4.7,2,H,22.03,54.86,51.75,35.66,36.39,4.7,2.4,40.75,7.8,144,-20,-1504.61538461538
12:01:37,6/9/19,Shellmaker,Neg Control 1,G,22.29,54.25,51.44,35.26,35.93,4.7,1.8,H,22.03,54.86,51.75,35.66,36.39,4.7,2,40.75,7.8,144,-11.1111111111111,-835.897435897436
12:01:38,6/9/19,Shellmaker,Neg Control 1,G,22.28,54.25,51.43,35.26,35.93,4.7,1.8,H,22.02,54.86,51.74,35.66,36.39,4.7,2,40.75,7.8,144,-11.1111111111111,-835.897435897436
12:01:39,6/9/19,Shellmaker,Neg Control 1,G,22.25,54.24,51.39,35.25,35.92,4.7,1.8,H,22.02,54.86,51.74,35.66,36.39,4.7,2.1,40.75,7.8,144,-16.6666666666667,-1253.84615384615
12:01:40,6/9/19,Shellmaker,Neg Control 1,G,22.25,54.24,51.38,35.25,35.92,4.7,1.9,H,22.02,54.86,51.74,35.66,36.39,4.7,2.3,40.75,7.8,144,-21.0526315789474,-1583.80566801619
12:01:41,6/9/19,Shellmaker,Neg Control 1,G,22.24,54.24,51.38,35.25,35.92,4.7,2,H,22.02,54.86,51.73,35.66,36.39,4.7,2.2,40.75,7.8,144,-10,-752.307692307693
12:01:42,6/9/19,Shellmaker,Neg Control 1,G,22.24,54.23,51.38,35.25,35.92,4.7,2.1,H,22.02,54.86,51.73,35.66,36.39,4.7,2.1,40.75,7.8,144,0,0
12:01:43,6/9/19,Shellmaker,Neg Control 1,G,22.25,54.23,51.38,35.25,35.92,4.7,2,H,22.02,54.86,51.73,35.66,36.39,4.7,2.2,40.75,7.8,144,-10,-752.307692307693
12:01:45,6/9/19,Shellmaker,Neg Control 1,G,22.26,54.21,51.37,35.23,35.9,4.7,2,H,22.02,54.86,51.73,35.66,36.39,4.7,2.3,40.75,7.8,144,-15,-1128.46153846154
12:01:46,6/9/19,Shellmaker,Neg Control 1,G,22.26,54.21,51.37,35.23,35.9,4.7,1.9,H,22.02,54.85,51.73,35.65,36.38,4.7,2.3,40.75,7.8,144,-21.0526315789474,-1583.80566801619
12:01:47,6/9/19,Shellmaker,Neg Control 1,G,22.25,54.22,51.37,35.24,35.91,4.7,2.1,H,22.02,54.85,51.73,35.65,36.38,4.7,2.4,40.75,7.8,144,-14.2857142857143,-1074.72527472527
12:01:48,6/9/19,Shellmaker,Neg Control 1,G,22.25,54.23,51.38,35.25,35.92,4.7,2,H,22.02,54.85,51.73,35.65,36.38,4.7,2.5,40.75,7.8,144,-25,-1880.76923076923
12:01:49,6/9/19,Shellmaker,Neg Control 1,G,22.25,54.24,51.39,35.26,35.93,4.7,2,H,22.03,54.84,51.73,35.65,36.38,4.7,2.5,40.75,7.8,144,-25,-1880.76923076923
12:01:50,6/9/19,Shellmaker,Neg Control 1,G,22.25,54.27,51.42,35.27,35.94,4.7,2.1,H,22.04,54.83,51.73,35.64,36.37,4.7,2.4,40.75,7.8,144,-14.2857142857143,-1074.72527472527
12:01:51,6/9/19,Shellmaker,Neg Control 1,G,22.26,54.27,51.43,35.28,35.95,4.7,2.1,H,22.04,54.83,51.73,35.64,36.37,4.7,2.3,40.75,7.8,144,-9.52380952380951,-716.483516483515
12:01:53,6/9/19,Shellmaker,Neg Control 1,G,22.28,54.28,51.46,35.28,35.95,4.7,2,H,22.05,54.83,51.74,35.64,36.36,4.7,2.1,40.75,7.8,144,-5,-376.153846153846
12:01:54,6/9/19,Shellmaker,Neg Control 1,G,22.28,54.28,51.46,35.28,35.96,4.7,2.3,H,22.05,54.83,51.74,35.64,36.36,4.7,2,40.75,7.8,144,13.0434782608696,981.270903010033
12:01:55,6/9/19,Shellmaker,Neg Control 1,G,22.27,54.3,51.47,35.29,35.97,4.7,2,H,22.05,54.83,51.74,35.64,36.37,4.7,1.9,40.75,7.8,144,5,376.153846153846
12:01:56,6/9/19,Shellmaker,Neg Control 1,G,22.27,54.29,51.46,35.29,35.96,4.7,1.8,H,22.05,54.83,51.74,35.64,36.37,4.7,2,40.75,7.8,144,-11.1111111111111,-835.897435897436
12:01:57,6/9/19,Shellmaker,Neg Control 1,G,22.27,54.29,51.46,35.29,35.96,4.7,1.8,H,22.05,54.84,51.75,35.64,36.37,4.7,2.3,40.75,7.8,144,-27.7777777777778,-2089.74358974359
12:01:58,6/9/19,Shellmaker,Neg Control 1,G,22.27,54.28,51.44,35.28,35.95,4.7,1.6,H,22.05,54.84,51.75,35.65,36.37,4.7,2.2,40.75,7.8,144,-37.5,-2821.15384615385
12:01:59,6/9/19,Shellmaker,Neg Control 1,G,22.26,54.27,51.44,35.28,35.95,4.7,1.5,H,22.05,54.84,51.75,35.65,36.37,4.7,2.3,40.75,7.8,144,-53.3333333333333,-4012.30769230769
12:02:01,6/9/19,Shellmaker,Neg Control 1,G,22.25,54.26,51.4,35.27,35.94,4.7,2,H,22.05,54.84,51.75,35.65,36.38,4.7,2.1,40.75,7.8,144,-5,-376.153846153846
12:02:02,6/9/19,Shellmaker,Neg Control 1,G,22.24,54.25,51.4,35.27,35.93,4.7,2,H,22.05,54.85,51.75,35.65,36.38,4.7,2,40.75,7.8,144,0,0
12:02:03,6/9/19,Shellmaker,Neg Control 1,G,22.25,54.25,51.4,35.26,35.93,4.7,1.8,H,22.04,54.85,51.75,35.65,36.38,4.7,1.9,40.75,7.8,144,-5.55555555555555,-417.948717948717
12:02:04,6/9/19,Shellmaker,Neg Control 1,G,22.25,54.25,51.4,35.26,35.93,4.7,1.7,H,22.04,54.85,51.75,35.65,36.38,4.7,1.9,40.75,7.8,144,-11.7647058823529,-885.067873303167
12:02:05,6/9/19,Shellmaker,Neg Control 1,G,22.25,54.25,51.4,35.26,35.93,4.7,1.8,H,22.04,54.85,51.75,35.65,36.38,4.8,1.7,40.75,7.8,144,5.55555555555556,417.948717948718
12:02:06,6/9/19,Shellmaker,Neg Control 1,G,22.26,54.24,51.4,35.26,35.92,4.7,2,H,22.04,54.86,51.75,35.66,36.39,4.7,1.7,40.75,7.8,144,15,1128.46153846154
12:02:07,6/9/19,Shellmaker,Neg Control 1,G,22.26,54.24,51.4,35.26,35.92,4.7,1.8,H,22.04,54.86,51.75,35.66,36.39,4.7,1.6,40.75,7.8,144,11.1111111111111,835.897435897436
12:02:09,6/9/19,Shellmaker,Neg Control 1,G,22.27,54.25,51.41,35.26,35.93,4.7,1.7,H,22.04,54.86,51.76,35.66,36.39,4.7,1.6,40.75,7.8,144,5.88235294117646,442.533936651583
12:02:10,6/9/19,Shellmaker,Neg Control 1,G,22.27,54.25,51.42,35.26,35.93,4.6,1.7,H,22.05,54.85,51.76,35.65,36.38,4.7,1.7,40.75,7.8,144,0,0
12:02:11,6/9/19,Shellmaker,Neg Control 1,G,22.27,54.25,51.43,35.26,35.93,4.6,1.7,H,22.06,54.84,51.77,35.65,36.38,4.7,1.8,40.75,7.8,144,-5.88235294117648,-442.533936651584
12:02:12,6/9/19,Shellmaker,Neg Control 1,G,22.28,54.25,51.43,35.26,35.93,4.6,1.7,H,22.06,54.84,51.77,35.65,36.38,4.7,1.9,40.75,7.8,144,-11.7647058823529,-885.067873303167
12:02:13,6/9/19,Shellmaker,Neg Control 1,G,22.29,54.25,51.44,35.26,35.93,4.6,1.7,H,22.07,54.84,51.77,35.65,36.38,4.7,1.8,40.75,7.8,144,-5.88235294117648,-442.533936651584
12:02:14,6/9/19,Shellmaker,Neg Control 1,G,22.3,54.26,51.46,35.27,35.94,4.6,1.7,H,22.06,54.85,51.77,35.65,36.38,4.7,1.8,40.75,7.8,144,-5.88235294117648,-442.533936651584
12:02:15,6/9/19,Shellmaker,Neg Control 1,G,22.31,54.27,51.47,35.27,35.94,4.6,1.5,H,22.06,54.85,51.77,35.65,36.38,4.7,1.7,40.75,7.8,144,-13.3333333333333,-1003.07692307692
12:02:17,6/9/19,Shellmaker,Neg Control 1,G,22.36,54.26,51.52,35.27,35.94,4.7,1.5,H,22.06,54.85,51.78,35.66,36.38,4.7,1.5,40.75,7.8,144,0,0
12:02:18,6/9/19,Shellmaker,Neg Control 1,G,22.37,54.25,51.52,35.26,35.93,4.6,1.5,H,22.06,54.86,51.77,35.66,36.39,4.7,1.5,40.75,7.8,144,0,0
12:02:19,6/9/19,Shellmaker,Neg Control 1,G,22.38,54.24,51.53,35.26,35.93,4.6,1.8,H,22.07,54.84,51.77,35.65,36.38,4.7,1.3,40.75,7.8,144,27.7777777777778,2089.74358974359
12:02:20,6/9/19,Shellmaker,Neg Control 1,G,22.37,54.24,51.52,35.26,35.92,4.6,1.7,H,22.08,54.84,51.78,35.64,36.37,4.7,1.3,40.75,7.8,144,23.5294117647059,1770.13574660633
12:02:21,6/9/19,Shellmaker,Neg Control 1,G,22.37,54.25,51.52,35.26,35.93,4.6,1.7,H,22.09,54.83,51.78,35.64,36.36,4.7,1.5,40.75,7.8,144,11.7647058823529,885.067873303167
12:02:22,6/9/19,Shellmaker,Neg Control 1,G,22.36,54.25,51.52,35.27,35.93,4.6,1.5,H,22.09,54.82,51.78,35.64,36.36,4.7,1.6,40.75,7.8,144,-6.66666666666667,-501.538461538462
12:02:23,6/9/19,Shellmaker,Neg Control 1,G,22.35,54.25,51.51,35.27,35.93,4.6,1.5,H,22.09,54.83,51.78,35.64,36.36,4.8,1.4,40.75,7.8,144,6.66666666666667,501.538461538462
12:02:25,6/9/19,Shellmaker,Neg Control 1,G,22.33,54.27,51.51,35.28,35.95,4.6,1.7,H,22.08,54.84,51.79,35.65,36.37,4.8,1.5,40.75,7.8,144,11.7647058823529,885.067873303167
12:02:26,6/9/19,Shellmaker,Neg Control 1,G,22.33,54.28,51.5,35.28,35.95,4.6,1.8,H,22.08,54.86,51.79,35.66,36.38,4.8,1.7,40.75,7.8,144,5.55555555555556,417.948717948718
12:02:27,6/9/19,Shellmaker,Neg Control 1,G,22.33,54.26,51.49,35.27,35.94,4.6,2.1,H,22.08,54.86,51.8,35.66,36.39,4.8,1.9,40.75,7.8,144,9.52380952380953,716.483516483517
12:02:28,6/9/19,Shellmaker,Neg Control 1,G,22.33,54.25,51.49,35.26,35.93,4.5,2.2,H,22.08,54.86,51.8,35.66,36.39,4.8,2,40.75,7.8,144,9.0909090909091,683.916083916084
12:02:29,6/9/19,Shellmaker,Neg Control 1,G,22.34,54.25,51.49,35.26,35.93,4.5,2.2,H,22.07,54.86,51.8,35.66,36.39,4.8,1.8,40.75,7.8,144,18.1818181818182,1367.83216783217
12:02:30,6/9/19,Shellmaker,Neg Control 1,G,22.35,54.22,51.47,35.24,35.91,4.5,1.9,H,22.08,54.86,51.79,35.66,36.39,4.8,1.9,40.75,7.8,144,0,0
12:02:31,6/9/19,Shellmaker,Neg Control 1,G,22.35,54.21,51.47,35.24,35.9,4.5,2,H,22.08,54.85,51.79,35.66,36.38,4.7,1.9,40.75,7.8,144,5,376.153846153846
12:02:33,6/9/19,Shellmaker,Neg Control 1,G,22.35,54.19,51.45,35.22,35.88,4.5,2.1,H,22.09,54.85,51.79,35.65,36.38,4.7,1.9,40.75,7.8,144,9.52380952380953,716.483516483517
12:02:34,6/9/19,Shellmaker,Neg Control 1,G,22.35,54.18,51.44,35.22,35.88,4.5,2.2,H,22.09,54.85,51.8,35.65,36.38,4.7,2,40.75,7.8,144,9.0909090909091,683.916083916084
12:02:35,6/9/19,Shellmaker,Neg Control 1,G,22.35,54.17,51.42,35.21,35.87,4.6,2.2,H,22.08,54.86,51.8,35.66,36.39,4.7,2,40.75,7.8,144,9.0909090909091,683.916083916084
12:02:36,6/9/19,Shellmaker,Neg Control 1,G,22.35,54.16,51.42,35.21,35.87,4.6,2.2,H,22.08,54.86,51.8,35.66,36.39,4.7,1.9,40.75,7.8,144,13.6363636363636,1025.87412587413
12:02:37,6/9/19,Shellmaker,Neg Control 1,G,22.35,54.16,51.42,35.21,35.86,4.6,2.2,H,22.08,54.86,51.8,35.66,36.39,4.7,1.7,40.75,7.8,144,22.7272727272727,1709.79020979021
12:02:38,6/9/19,Shellmaker,Neg Control 1,G,22.34,54.16,51.41,35.21,35.86,4.6,2.5,H,22.08,54.86,51.8,35.66,36.39,4.7,1.9,40.75,7.8,144,24,1805.53846153846
12:02:39,6/9/19,Shellmaker,Neg Control 1,G,22.34,54.16,51.41,35.21,35.87,4.6,2.5,H,22.08,54.86,51.8,35.66,36.39,4.7,1.8,40.75,7.8,144,28,2106.46153846154
12:02:41,6/9/19,Shellmaker,Neg Control 1,G,22.33,54.19,51.42,35.22,35.88,4.6,2.6,H,22.08,54.86,51.8,35.66,36.39,4.7,2.1,40.75,7.8,144,19.2307692307692,1446.74556213018
12:02:42,6/9/19,Shellmaker,Neg Control 1,G,22.32,54.19,51.42,35.22,35.89,4.6,2.4,H,22.07,54.87,51.8,35.66,36.4,4.7,2,40.75,7.8,144,16.6666666666667,1253.84615384615
12:02:43,6/9/19,Shellmaker,Neg Control 1,G,22.31,54.21,51.43,35.24,35.9,4.6,2.3,H,22.06,54.88,51.8,35.67,36.41,4.6,2.2,40.75,7.8,144,4.34782608695651,327.090301003343
12:02:44,6/9/19,Shellmaker,Neg Control 1,G,22.31,54.21,51.42,35.24,35.9,4.6,2.2,H,22.06,54.88,51.8,35.67,36.41,4.6,2.3,40.75,7.8,144,-4.54545454545453,-341.958041958041
12:02:45,6/9/19,Shellmaker,Neg Control 1,G,22.31,54.21,51.42,35.24,35.9,4.6,2.1,H,22.06,54.88,51.8,35.67,36.41,4.6,2.2,40.75,7.8,144,-4.76190476190477,-358.241758241759
12:02:46,6/9/19,Shellmaker,Neg Control 1,G,22.31,54.22,51.43,35.24,35.91,4.6,1.9,H,22.06,54.89,51.8,35.68,36.41,4.6,2.2,40.75,7.8,144,-15.7894736842105,-1187.85425101215
12:02:47,6/9/19,Shellmaker,Neg Control 1,G,22.31,54.22,51.43,35.24,35.91,4.6,1.9,H,22.05,54.89,51.8,35.68,36.41,4.6,2.2,40.75,7.8,144,-15.7894736842105,-1187.85425101215
12:02:49,6/9/19,Shellmaker,Neg Control 1,G,22.32,54.24,51.46,35.26,35.92,4.5,2,H,22.03,54.91,51.8,35.69,36.43,4.6,2.1,40.75,7.8,144,-5,-376.153846153846
12:02:50,6/9/19,Shellmaker,Neg Control 1,G,22.32,54.25,51.46,35.26,35.93,4.5,2,H,22.02,54.93,51.8,35.7,36.44,4.5,2.2,40.75,7.8,144,-10,-752.307692307693
12:02:51,6/9/19,Shellmaker,Neg Control 1,G,22.32,54.24,51.46,35.25,35.92,4.6,2.1,H,22.01,54.93,51.79,35.71,36.44,4.5,2.4,40.75,7.8,144,-14.2857142857143,-1074.72527472527
12:02:52,6/9/19,Shellmaker,Neg Control 1,G,22.32,54.24,51.46,35.25,35.92,4.6,2.2,H,22,54.93,51.79,35.71,36.44,4.5,2.3,40.75,7.8,144,-4.54545454545453,-341.958041958041
12:02:53,6/9/19,Shellmaker,Neg Control 1,G,22.32,54.23,51.46,35.25,35.91,4.6,2.1,H,21.99,54.94,51.78,35.71,36.45,4.5,2.5,40.75,7.8,144,-19.047619047619,-1432.96703296703
12:02:54,6/9/19,Shellmaker,Neg Control 1,G,22.33,54.2,51.44,35.23,35.89,4.5,1.8,H,21.99,54.94,51.78,35.71,36.45,4.5,2.5,40.75,7.8,144,-38.8888888888889,-2925.64102564103
12:02:55,6/9/19,Shellmaker,Neg Control 1,G,22.34,54.19,51.43,35.22,35.88,4.5,1.7,H,21.99,54.94,51.78,35.71,36.45,4.5,2.6,40.75,7.8,144,-52.9411764705883,-3982.80542986425
12:02:57,6/9/19,Shellmaker,Neg Control 1,G,22.33,54.18,51.42,35.22,35.88,4.5,1.7,H,21.99,54.93,51.77,35.7,36.44,4.5,2.3,40.75,7.8,144,-35.2941176470588,-2655.2036199095
12:02:58,6/9/19,Shellmaker,Neg Control 1,G,22.33,54.19,51.42,35.22,35.89,4.5,1.8,H,21.99,54.92,51.77,35.7,36.44,4.5,2.1,40.75,7.8,144,-16.6666666666667,-1253.84615384615
12:02:59,6/9/19,Shellmaker,Neg Control 1,G,22.34,54.22,51.46,35.24,35.91,4.5,1.6,H,21.99,54.92,51.76,35.7,36.44,4.5,2.2,40.75,7.8,144,-37.5,-2821.15384615385
12:03:00,6/9/19,Shellmaker,Neg Control 1,G,22.34,54.23,51.47,35.25,35.91,4.5,1.7,H,21.99,54.92,51.76,35.7,36.44,4.5,2.1,40.75,7.8,144,-23.5294117647059,-1770.13574660634
12:03:01,6/9/19,Shellmaker,Neg Control 1,G,22.35,54.23,51.49,35.25,35.92,4.5,1.7,H,21.98,54.92,51.76,35.7,36.44,4.5,2,40.75,7.8,144,-17.6470588235294,-1327.60180995475
12:03:02,6/9/19,Shellmaker,Neg Control 1,G,22.36,54.23,51.5,35.25,35.92,4.5,1.7,H,21.98,54.92,51.75,35.7,36.44,4.5,2.2,40.75,7.8,144,-29.4117647058824,-2212.66968325792
12:03:03,6/9/19,Shellmaker,Neg Control 1,G,22.37,54.22,51.5,35.25,35.91,4.5,1.9,H,21.97,54.93,51.75,35.7,36.44,4.5,2.1,40.75,7.8,144,-10.5263157894737,-791.902834008098
12:03:05,6/9/19,Shellmaker,Neg Control 1,G,22.36,54.21,51.47,35.23,35.9,4.6,1.6,H,21.97,54.93,51.75,35.7,36.44,4.5,2.2,40.75,7.8,144,-37.5,-2821.15384615385
12:03:06,6/9/19,Shellmaker,Neg Control 1,G,22.36,54.21,51.47,35.23,35.9,4.5,1.5,H,21.96,54.93,51.74,35.7,36.44,4.5,2,40.75,7.8,144,-33.3333333333333,-2507.69230769231
12:03:07,6/9/19,Shellmaker,Neg Control 1,G,22.35,54.21,51.46,35.23,35.9,4.5,1.8,H,21.95,54.94,51.74,35.71,36.45,4.4,2,40.75,7.8,144,-11.1111111111111,-835.897435897436
12:03:08,6/9/19,Shellmaker,Neg Control 1,G,22.35,54.21,51.46,35.23,35.9,4.5,1.8,H,21.94,54.94,51.73,35.71,36.45,4.4,1.8,40.75,7.8,144,0,0
12:03:09,6/9/19,Shellmaker,Neg Control 1,G,22.35,54.2,51.46,35.23,35.9,4.5,1.8,H,21.93,54.95,51.73,35.72,36.46,4.4,1.8,40.75,7.8,144,0,0
12:03:10,6/9/19,Shellmaker,Neg Control 1,G,22.34,54.21,51.45,35.23,35.9,4.5,1.6,H,21.93,54.95,51.73,35.72,36.46,4.4,1.7,40.75,7.8,144,-6.24999999999999,-470.192307692307
12:03:11,6/9/19,Shellmaker,Neg Control 1,G,22.33,54.21,51.44,35.24,35.9,4.6,1.6,H,21.92,54.96,51.73,35.72,36.46,4.4,1.6,40.75,7.8,144,0,0
12:03:13,6/9/19,Shellmaker,Neg Control 1,G,22.31,54.23,51.44,35.25,35.92,4.7,1.7,H,21.91,54.97,51.72,35.73,36.47,4.5,1.8,40.75,7.8,144,-5.88235294117648,-442.533936651584
12:03:14,6/9/19,Shellmaker,Neg Control 1,G,22.31,54.23,51.44,35.25,35.92,4.7,1.7,H,21.9,54.98,51.72,35.74,36.48,4.5,1.9,40.75,7.8,144,-11.7647058823529,-885.067873303167
12:03:15,6/9/19,Shellmaker,Neg Control 1,G,22.33,54.22,51.45,35.24,35.91,4.7,1.9,H,21.88,54.99,51.72,35.75,36.49,4.5,1.9,40.75,7.8,144,0,0
12:03:16,6/9/19,Shellmaker,Neg Control 1,G,22.33,54.22,51.45,35.24,35.91,4.7,2,H,21.88,54.99,51.72,35.75,36.49,4.5,1.8,40.75,7.8,144,10,752.307692307692
12:03:17,6/9/19,Shellmaker,Neg Control 1,G,22.34,54.21,51.46,35.24,35.9,4.7,2,H,21.88,54.99,51.71,35.75,36.49,4.5,1.7,40.75,7.8,144,15,1128.46153846154
12:03:18,6/9/19,Shellmaker,Neg Control 1,G,22.35,54.21,51.48,35.24,35.9,4.7,2.2,H,21.88,54.99,51.71,35.74,36.49,4.5,1.8,40.75,7.8,144,18.1818181818182,1367.83216783217
12:03:19,6/9/19,Shellmaker,Neg Control 1,G,22.36,54.22,51.49,35.24,35.91,4.7,2.1,H,21.88,54.99,51.71,35.74,36.49,4.5,1.7,40.75,7.8,144,19.0476190476191,1432.96703296703
12:03:21,6/9/19,Shellmaker,Neg Control 1,G,22.39,54.25,51.54,35.26,35.93,4.7,2.1,H,21.88,54.98,51.71,35.74,36.48,4.5,1.8,40.75,7.8,144,14.2857142857143,1074.72527472527
12:03:22,6/9/19,Shellmaker,Neg Control 1,G,22.39,54.26,51.55,35.27,35.93,4.7,2.2,H,21.88,54.98,51.7,35.74,36.48,4.5,1.8,40.75,7.8,144,18.1818181818182,1367.83216783217
12:03:23,6/9/19,Shellmaker,Neg Control 1,G,22.41,54.24,51.56,35.26,35.92,4.7,1.9,H,21.88,54.98,51.7,35.73,36.48,4.5,1.7,40.75,7.8,144,10.5263157894737,791.902834008097
12:03:24,6/9/19,Shellmaker,Neg Control 1,G,22.42,54.24,51.56,35.25,35.92,4.7,1.9,H,21.88,54.98,51.7,35.73,36.48,4.5,1.7,40.75,7.8,144,10.5263157894737,791.902834008097
12:03:25,6/9/19,Shellmaker,Neg Control 1,G,22.42,54.23,51.56,35.25,35.92,4.7,1.9,H,21.89,54.97,51.7,35.73,36.48,4.5,1.7,40.75,7.8,144,10.5263157894737,791.902834008097
12:03:26,6/9/19,Shellmaker,Neg Control 1,G,22.41,54.24,51.55,35.25,35.92,4.7,1.8,H,21.88,54.97,51.7,35.73,36.48,4.5,1.7,40.75,7.8,144,5.55555555555556,417.948717948718
12:03:27,6/9/19,Shellmaker,Neg Control 1,G,22.41,54.24,51.55,35.25,35.92,4.7,1.8,H,21.88,54.98,51.7,35.74,36.48,4.5,1.7,40.75,7.8,144,5.55555555555556,417.948717948718
12:03:29,6/9/19,Shellmaker,Neg Control 1,G,22.4,54.25,51.55,35.26,35.93,4.7,1.7,H,21.87,54.99,51.7,35.74,36.49,4.5,1.5,40.75,7.8,144,11.7647058823529,885.067873303167
12:03:30,6/9/19,Shellmaker,Neg Control 1,G,22.39,54.25,51.55,35.26,35.93,4.7,1.8,H,21.86,55,51.7,35.75,36.5,4.5,1.6,40.75,7.8,144,11.1111111111111,835.897435897436
12:03:31,6/9/19,Shellmaker,Neg Control 1,G,22.38,54.26,51.55,35.27,35.94,4.7,1.9,H,21.85,55.01,51.7,35.75,36.5,4.5,1.8,40.75,7.8,144,5.26315789473684,395.951417004048
12:03:32,6/9/19,Shellmaker,Neg Control 1,G,22.38,54.26,51.54,35.27,35.94,4.7,2.2,H,21.85,55.01,51.7,35.76,36.5,4.5,1.7,40.75,7.8,144,22.7272727272727,1709.79020979021
12:03:33,6/9/19,Shellmaker,Neg Control 1,G,22.37,54.26,51.54,35.27,35.94,4.7,2.1,H,21.85,55.01,51.7,35.76,36.51,4.4,1.7,40.75,7.8,144,19.0476190476191,1432.96703296703
12:03:34,6/9/19,Shellmaker,Neg Control 1,G,22.37,54.25,51.53,35.26,35.93,4.7,2,H,21.84,55.01,51.7,35.76,36.51,4.4,1.7,40.75,7.8,144,15,1128.46153846154
12:03:35,6/9/19,Shellmaker,Neg Control 1,G,22.37,54.25,51.53,35.26,35.93,4.7,2,H,21.84,55.01,51.69,35.76,36.51,4.4,1.5,40.75,7.8,144,25,1880.76923076923
12:03:37,6/9/19,Shellmaker,Neg Control 1,G,22.38,54.26,51.55,35.27,35.94,4.7,1.8,H,21.83,55.02,51.69,35.76,36.51,4.4,1.5,40.75,7.8,144,16.6666666666667,1253.84615384615
12:03:38,6/9/19,Shellmaker,Neg Control 1,G,22.38,54.27,51.56,35.27,35.94,4.7,1.9,H,21.82,55.03,51.69,35.77,36.52,4.3,1.4,40.75,7.8,144,26.3157894736842,1979.75708502024
12:03:39,6/9/19,Shellmaker,Neg Control 1,G,22.37,54.3,51.58,35.29,35.97,4.8,1.8,H,21.82,55.03,51.68,35.77,36.52,4.3,1.5,40.75,7.8,144,16.6666666666667,1253.84615384615
12:03:40,6/9/19,Shellmaker,Neg Control 1,G,22.37,54.3,51.57,35.3,35.97,4.8,1.8,H,21.81,55.03,51.68,35.77,36.52,4.3,1.4,40.75,7.8,144,22.2222222222222,1671.79487179487
12:03:41,6/9/19,Shellmaker,Neg Control 1,G,22.37,54.3,51.57,35.3,35.97,4.8,2,H,21.81,55.03,51.68,35.77,36.52,4.3,1.6,40.75,7.8,144,20,1504.61538461538
12:03:42,6/9/19,Shellmaker,Neg Control 1,G,22.37,54.3,51.57,35.3,35.97,4.8,2,H,21.8,55.03,51.67,35.77,36.52,4.3,2,40.75,7.8,144,0,0
12:03:43,6/9/19,Shellmaker,Neg Control 1,G,22.37,54.3,51.58,35.3,35.97,4.8,1.8,H,21.8,55.03,51.67,35.77,36.52,4.3,2,40.75,7.8,144,-11.1111111111111,-835.897435897436
12:03:45,6/9/19,Shellmaker,Neg Control 1,G,22.4,54.29,51.59,35.29,35.96,4.8,2,H,21.8,55.03,51.67,35.77,36.52,4.3,1.9,40.75,7.8,144,5,376.153846153846
12:03:46,6/9/19,Shellmaker,Neg Control 1,G,22.41,54.29,51.6,35.29,35.96,4.9,2,H,21.8,55.03,51.67,35.77,36.52,4.3,2.3,40.75,7.8,144,-15,-1128.46153846154
12:03:47,6/9/19,Shellmaker,Neg Control 1,G,22.43,54.27,51.61,35.27,35.94,4.9,1.7,H,21.8,55.03,51.66,35.77,36.52,4.3,2.4,40.75,7.8,144,-41.1764705882353,-3097.73755656109
12:03:48,6/9/19,Shellmaker,Neg Control 1,G,22.44,54.26,51.61,35.27,35.94,4.9,1.6,H,21.79,55.03,51.66,35.77,36.52,4.3,2.3,40.75,7.8,144,-43.75,-3291.34615384615
12:03:49,6/9/19,Shellmaker,Neg Control 1,G,22.45,54.26,51.62,35.27,35.94,4.9,1.4,H,21.79,55.04,51.66,35.77,36.52,4.3,2.2,40.75,7.8,144,-57.1428571428572,-4298.9010989011
12:03:50,6/9/19,Shellmaker,Neg Control 1,G,22.45,54.26,51.62,35.27,35.94,4.9,1.5,H,21.79,55.03,51.66,35.77,36.52,4.3,2.2,40.75,7.8,144,-46.6666666666667,-3510.76923076923
12:03:51,6/9/19,Shellmaker,Neg Control 1,G,22.45,54.26,51.62,35.27,35.94,4.9,1.7,H,21.79,55.03,51.66,35.77,36.52,4.3,2.3,40.75,7.8,144,-35.2941176470588,-2655.2036199095
12:03:53,6/9/19,Shellmaker,Neg Control 1,G,22.47,54.26,51.64,35.27,35.94,4.9,2,H,21.81,55.01,51.65,35.76,36.5,4.2,2.2,40.75,7.8,144,-10,-752.307692307693
12:03:54,6/9/19,Shellmaker,Neg Control 1,G,22.47,54.26,51.64,35.27,35.94,4.9,1.9,H,21.82,54.99,51.65,35.74,36.49,4.2,2.1,40.75,7.8,144,-10.5263157894737,-791.902834008098
12:03:55,6/9/19,Shellmaker,Neg Control 1,G,22.48,54.25,51.65,35.26,35.93,5,2,H,21.83,54.98,51.65,35.74,36.48,4.2,2.2,40.75,7.8,144,-10,-752.307692307693
12:03:56,6/9/19,Shellmaker,Neg Control 1,G,22.48,54.25,51.65,35.26,35.93,5,2,H,21.83,54.99,51.65,35.74,36.49,4.2,2,40.75,7.8,144,0,0
12:03:57,6/9/19,Shellmaker,Neg Control 1,G,22.48,54.25,51.65,35.27,35.93,5,1.9,H,21.82,54.99,51.65,35.75,36.49,4.2,1.8,40.75,7.8,144,5.26315789473684,395.951417004048
12:03:58,6/9/19,Shellmaker,Neg Control 1,G,22.48,54.27,51.65,35.27,35.94,5,1.8,H,21.81,55,51.65,35.75,36.5,4.2,2,40.75,7.8,144,-11.1111111111111,-835.897435897436
12:03:59,6/9/19,Shellmaker,Neg Control 1,G,22.48,54.27,51.66,35.28,35.95,5,1.5,H,21.81,55.01,51.65,35.75,36.5,4.2,2.1,40.75,7.8,144,-40,-3009.23076923077
12:04:01,6/9/19,Shellmaker,Neg Control 1,G,22.48,54.29,51.68,35.29,35.96,5,1.4,H,21.8,55.02,51.65,35.76,36.51,4.2,2.1,40.75,7.8,144,-50,-3761.53846153846
12:04:02,6/9/19,Shellmaker,Neg Control 1,G,22.48,54.28,51.67,35.28,35.95,5,1.3,H,21.79,55.03,51.65,35.77,36.52,4.2,2,40.75,7.8,144,-53.8461538461539,-4050.8875739645
12:04:03,6/9/19,Shellmaker,Neg Control 1,G,22.49,54.26,51.66,35.27,35.94,5,1.6,H,21.78,55.04,51.65,35.78,36.53,4.2,2.2,40.75,7.8,144,-37.5,-2821.15384615385
12:04:04,6/9/19,Shellmaker,Neg Control 1,G,22.48,54.26,51.66,35.27,35.94,5,1.7,H,21.77,55.04,51.65,35.78,36.53,4.2,2.1,40.75,7.8,144,-23.5294117647059,-1770.13574660634
12:04:05,6/9/19,Shellmaker,Neg Control 1,G,22.48,54.27,51.66,35.27,35.94,5,2,H,21.77,55.05,51.65,35.78,36.53,4.2,2.1,40.75,7.8,144,-5,-376.153846153846
12:04:06,6/9/19,Shellmaker,Neg Control 1,G,22.47,54.27,51.65,35.28,35.95,5,1.7,H,21.76,55.06,51.65,35.79,36.54,4.2,2.5,40.75,7.8,144,-47.0588235294118,-3540.27149321267
12:04:07,6/9/19,Shellmaker,Neg Control 1,G,22.47,54.28,51.65,35.28,35.95,5,1.7,H,21.75,55.06,51.65,35.79,36.54,4.2,2.4,40.75,7.8,144,-41.1764705882353,-3097.73755656109
12:04:09,6/9/19,Shellmaker,Neg Control 1,G,22.48,54.28,51.67,35.28,35.95,5,1.5,H,21.74,55.07,51.64,35.8,36.55,4.2,2.2,40.75,7.8,144,-46.6666666666667,-3510.76923076923
12:04:10,6/9/19,Shellmaker,Neg Control 1,G,22.49,54.28,51.68,35.28,35.95,5,1.4,H,21.73,55.08,51.64,35.8,36.56,4.2,1.9,40.75,7.8,144,-35.7142857142857,-2686.81318681319
12:04:11,6/9/19,Shellmaker,Neg Control 1,G,22.52,54.24,51.68,35.26,35.92,5,1.4,H,21.72,55.08,51.64,35.8,36.56,4.2,1.6,40.75,7.8,144,-14.2857142857143,-1074.72527472528
12:04:12,6/9/19,Shellmaker,Neg Control 1,G,22.53,54.23,51.67,35.25,35.91,5,1.3,H,21.72,55.09,51.63,35.81,36.56,4.2,1.8,40.75,7.8,144,-38.4615384615385,-2893.49112426035
12:04:13,6/9/19,Shellmaker,Neg Control 1,G,22.54,54.21,51.67,35.24,35.9,5,1.3,H,21.71,55.09,51.63,35.81,36.57,4.1,1.8,40.75,7.8,144,-38.4615384615385,-2893.49112426035
12:04:14,6/9/19,Shellmaker,Neg Control 1,G,22.55,54.19,51.66,35.23,35.89,5,1.5,H,21.7,55.09,51.63,35.81,36.57,4.1,1.7,40.75,7.8,144,-13.3333333333333,-1003.07692307692
12:04:15,6/9/19,Shellmaker,Neg Control 1,G,22.55,54.19,51.66,35.23,35.88,5,1.5,H,21.7,55.09,51.62,35.81,36.57,4.1,1.6,40.75,7.8,144,-6.66666666666667,-501.538461538462
12:04:17,6/9/19,Shellmaker,Neg Control 1,G,22.54,54.21,51.66,35.24,35.9,5,1.7,H,21.69,55.09,51.61,35.81,36.57,4,1.7,40.75,7.8,144,0,0
12:04:18,6/9/19,Shellmaker,Neg Control 1,G,22.53,54.22,51.66,35.24,35.9,5,1.6,H,21.68,55.1,51.61,35.81,36.57,4,1.7,40.75,7.8,144,-6.24999999999999,-470.192307692307
12:04:19,6/9/19,Shellmaker,Neg Control 1,G,22.5,54.23,51.64,35.25,35.91,5,1.8,H,21.67,55.1,51.6,35.81,36.57,4.1,1.9,40.75,7.8,144,-5.55555555555555,-417.948717948717
12:04:20,6/9/19,Shellmaker,Neg Control 1,G,22.49,54.23,51.63,35.25,35.91,5,1.5,H,21.67,55.1,51.59,35.81,36.57,4,1.9,40.75,7.8,144,-26.6666666666667,-2006.15384615385
12:04:21,6/9/19,Shellmaker,Neg Control 1,G,22.49,54.23,51.62,35.25,35.91,5,1.6,H,21.67,55.1,51.59,35.82,36.57,4,1.7,40.75,7.8,144,-6.24999999999999,-470.192307692307
12:04:22,6/9/19,Shellmaker,Neg Control 1,G,22.46,54.22,51.59,35.24,35.91,5,2,H,21.66,55.1,51.58,35.81,36.57,4,1.4,40.75,7.8,144,30,2256.92307692308
12:04:23,6/9/19,Shellmaker,Neg Control 1,G,22.46,54.22,51.59,35.24,35.91,5,2,H,21.66,55.1,51.58,35.81,36.57,4,1.4,40.75,7.8,144,30,2256.92307692308
12:04:25,6/9/19,Shellmaker,Neg Control 1,G,22.48,54.21,51.61,35.24,35.9,5,2.2,H,21.66,55.1,51.58,35.81,36.57,4,1.3,40.75,7.8,144,40.9090909090909,3077.62237762238
12:04:26,6/9/19,Shellmaker,Neg Control 1,G,22.5,54.21,51.62,35.24,35.9,5.1,2.1,H,21.66,55.09,51.57,35.81,36.57,4,1.6,40.75,7.8,144,23.8095238095238,1791.20879120879
12:04:27,6/9/19,Shellmaker,Neg Control 1,G,22.54,54.2,51.65,35.23,35.89,5,2.3,H,21.66,55.08,51.57,35.8,36.56,3.9,1.5,40.75,7.8,144,34.7826086956522,2616.72240802676
12:04:28,6/9/19,Shellmaker,Neg Control 1,G,22.54,54.21,51.66,35.24,35.9,5,2.3,H,21.66,55.08,51.57,35.8,36.56,3.9,1.6,40.75,7.8,144,30.4347826086956,2289.63210702341
12:04:29,6/9/19,Shellmaker,Neg Control 1,G,22.54,54.21,51.66,35.24,35.9,5,2.3,H,21.66,55.08,51.56,35.8,36.55,3.9,1.7,40.75,7.8,144,26.0869565217391,1962.54180602007
12:04:30,6/9/19,Shellmaker,Neg Control 1,G,22.52,54.24,51.67,35.25,35.92,5,2.1,H,21.67,55.07,51.56,35.79,36.55,3.9,1.5,40.75,7.8,144,28.5714285714286,2149.45054945055
12:04:31,6/9/19,Shellmaker,Neg Control 1,G,22.52,54.24,51.67,35.26,35.92,5,2.1,H,21.67,55.06,51.56,35.79,36.54,3.9,1.4,40.75,7.8,144,33.3333333333333,2507.69230769231
12:04:33,6/9/19,Shellmaker,Neg Control 1,G,22.51,54.24,51.67,35.26,35.92,5,1.9,H,21.68,55.05,51.56,35.78,36.54,3.9,1.7,40.75,7.8,144,10.5263157894737,791.902834008097
12:04:34,6/9/19,Shellmaker,Neg Control 1,G,22.51,54.24,51.66,35.25,35.92,5,1.8,H,21.68,55.05,51.56,35.78,36.53,3.9,1.6,40.75,7.8,144,11.1111111111111,835.897435897436
12:04:35,6/9/19,Shellmaker,Neg Control 1,G,22.51,54.24,51.66,35.25,35.92,4.9,2,H,21.68,55.05,51.56,35.78,36.54,3.9,1.8,40.75,7.8,144,10,752.307692307692
12:04:36,6/9/19,Shellmaker,Neg Control 1,G,22.5,54.24,51.65,35.26,35.92,5,2.3,H,21.68,55.06,51.56,35.79,36.54,3.9,1.8,40.75,7.8,144,21.7391304347826,1635.45150501672
12:04:37,6/9/19,Shellmaker,Neg Control 1,G,22.5,54.25,51.65,35.26,35.93,5,2.1,H,21.67,55.06,51.56,35.79,36.54,3.9,1.6,40.75,7.8,144,23.8095238095238,1791.20879120879
12:04:38,6/9/19,Shellmaker,Neg Control 1,G,22.49,54.26,51.66,35.27,35.94,5,2.2,H,21.67,55.07,51.56,35.79,36.55,3.9,1.4,40.75,7.8,144,36.3636363636364,2735.66433566434
12:04:39,6/9/19,Shellmaker,Neg Control 1,G,22.49,54.27,51.66,35.27,35.94,5,2.1,H,21.66,55.07,51.56,35.8,36.55,3.9,1.3,40.75,7.8,144,38.0952380952381,2865.93406593407
12:04:41,6/9/19,Shellmaker,Neg Control 1,G,22.5,54.29,51.69,35.29,35.96,5,1.9,H,21.66,55.07,51.56,35.8,36.55,3.9,1.3,40.75,7.8,144,31.578947368421,2375.70850202429
12:04:42,6/9/19,Shellmaker,Neg Control 1,G,22.5,54.29,51.7,35.29,35.96,5,2,H,21.66,55.08,51.56,35.8,36.56,3.9,1.3,40.75,7.8,144,35,2633.07692307692
12:04:43,6/9/19,Shellmaker,Neg Control 1,G,22.51,54.27,51.68,35.27,35.94,5,2.1,H,21.65,55.08,51.56,35.8,36.56,3.9,1.7,40.75,7.8,144,19.0476190476191,1432.96703296703
12:04:44,6/9/19,Shellmaker,Neg Control 1,G,22.51,54.26,51.68,35.27,35.94,5,2,H,21.65,55.08,51.56,35.8,36.56,3.9,1.7,40.75,7.8,144,15,1128.46153846154
12:04:45,6/9/19,Shellmaker,Neg Control 1,G,22.51,54.26,51.67,35.27,35.93,5,1.9,H,21.65,55.09,51.56,35.81,36.56,3.9,1.9,40.75,7.8,144,0,0
12:04:46,6/9/19,Shellmaker,Neg Control 1,G,22.51,54.24,51.66,35.26,35.92,4.9,1.8,H,21.65,55.09,51.56,35.81,36.56,3.9,2,40.75,7.8,144,-11.1111111111111,-835.897435897436
12:04:47,6/9/19,Shellmaker,Neg Control 1,G,22.51,54.23,51.65,35.25,35.92,4.9,1.9,H,21.65,55.09,51.56,35.81,36.56,3.9,1.9,40.75,7.8,144,0,0
12:04:49,6/9/19,Shellmaker,Neg Control 1,G,22.49,54.2,51.61,35.23,35.89,4.9,2.2,H,21.65,55.09,51.56,35.81,36.56,3.9,1.9,40.75,7.8,144,13.6363636363636,1025.87412587413
12:04:50,6/9/19,Shellmaker,Neg Control 1,G,22.49,54.19,51.6,35.23,35.89,4.9,2.1,H,21.65,55.09,51.56,35.81,36.56,3.9,1.7,40.75,7.8,144,19.0476190476191,1432.96703296703
12:04:51,6/9/19,Shellmaker,Neg Control 1,G,22.49,54.18,51.59,35.22,35.88,4.9,2.3,H,21.64,55.09,51.56,35.81,36.56,3.8,1.9,40.75,7.8,144,17.3913043478261,1308.36120401338
12:04:52,6/9/19,Shellmaker,Neg Control 1,G,22.5,54.17,51.58,35.21,35.87,4.9,2.2,H,21.64,55.09,51.56,35.81,36.57,3.8,2,40.75,7.8,144,9.0909090909091,683.916083916084
12:04:53,6/9/19,Shellmaker,Neg Control 1,G,22.5,54.17,51.58,35.21,35.87,4.9,2.2,H,21.64,55.09,51.56,35.81,36.57,3.8,1.8,40.75,7.8,144,18.1818181818182,1367.83216783217
12:04:54,6/9/19,Shellmaker,Neg Control 1,G,22.49,54.17,51.57,35.21,35.87,4.9,2.2,H,21.64,55.09,51.55,35.81,36.57,3.8,1.9,40.75,7.8,144,13.6363636363636,1025.87412587413
12:04:55,6/9/19,Shellmaker,Neg Control 1,G,22.49,54.17,51.57,35.21,35.87,4.9,2.2,H,21.64,55.1,51.55,35.81,36.57,3.8,1.8,40.75,7.8,144,18.1818181818182,1367.83216783217
12:04:57,6/9/19,Shellmaker,Neg Control 1,G,22.48,54.2,51.59,35.23,35.89,4.9,1.7,H,21.64,55.09,51.55,35.81,36.57,3.8,1.9,40.75,7.8,144,-11.7647058823529,-885.067873303167
12:04:58,6/9/19,Shellmaker,Neg Control 1,G,22.48,54.2,51.59,35.23,35.89,4.9,1.7,H,21.64,55.08,51.55,35.8,36.56,3.9,1.9,40.75,7.8,144,-11.7647058823529,-885.067873303167
12:04:59,6/9/19,Shellmaker,Neg Control 1,G,22.5,54.2,51.61,35.23,35.89,4.9,1.5,H,21.65,55.07,51.55,35.8,36.55,3.8,1.8,40.75,7.8,144,-20,-1504.61538461538
12:05:00,6/9/19,Shellmaker,Neg Control 1,G,22.5,54.2,51.61,35.23,35.89,4.9,1.6,H,21.65,55.07,51.55,35.8,36.55,3.8,1.9,40.75,7.8,144,-18.75,-1410.57692307692
12:05:01,6/9/19,Shellmaker,Neg Control 1,G,22.5,54.2,51.61,35.23,35.89,4.8,1.6,H,21.66,55.07,51.55,35.79,36.55,3.8,1.8,40.75,7.8,144,-12.5,-940.384615384615
12:05:02,6/9/19,Shellmaker,Neg Control 1,G,22.5,54.19,51.6,35.22,35.88,4.8,1.9,H,21.66,55.07,51.55,35.79,36.55,3.8,1.8,40.75,7.8,144,5.26315789473684,395.951417004048
12:05:03,6/9/19,Shellmaker,Neg Control 1,G,22.5,54.19,51.6,35.22,35.88,4.8,1.7,H,21.66,55.07,51.55,35.79,36.55,3.8,1.9,40.75,7.8,144,-11.7647058823529,-885.067873303167
12:05:05,6/9/19,Shellmaker,Neg Control 1,G,22.49,54.19,51.58,35.22,35.88,4.8,1.9,H,21.66,55.07,51.55,35.79,36.55,3.8,2,40.75,7.8,144,-5.26315789473685,-395.951417004049
12:05:06,6/9/19,Shellmaker,Neg Control 1,G,22.48,54.19,51.58,35.22,35.88,4.8,1.9,H,21.66,55.06,51.55,35.79,36.54,3.8,1.7,40.75,7.8,144,10.5263157894737,791.902834008097
12:05:07,6/9/19,Shellmaker,Neg Control 1,G,22.46,54.21,51.58,35.24,35.9,4.8,1.6,H,21.66,55.06,51.55,35.79,36.54,3.9,1.8,40.75,7.8,144,-12.5,-940.384615384615
12:05:08,6/9/19,Shellmaker,Neg Control 1,G,22.45,54.21,51.57,35.24,35.9,4.8,1.6,H,21.66,55.06,51.55,35.79,36.54,3.9,1.9,40.75,7.8,144,-18.75,-1410.57692307692
12:05:09,6/9/19,Shellmaker,Neg Control 1,G,22.45,54.21,51.57,35.24,35.9,4.8,1.6,H,21.66,55.06,51.55,35.79,36.54,3.9,1.8,40.75,7.8,144,-12.5,-940.384615384615
12:05:10,6/9/19,Shellmaker,Neg Control 1,G,22.44,54.21,51.56,35.23,35.9,4.8,1.8,H,21.66,55.06,51.55,35.79,36.54,3.8,1.9,40.75,7.8,144,-5.55555555555555,-417.948717948717
12:05:11,6/9/19,Shellmaker,Neg Control 1,G,22.44,54.21,51.56,35.23,35.9,4.8,1.8,H,21.66,55.06,51.56,35.79,36.55,3.8,1.8,40.75,7.8,144,0,0
12:05:13,6/9/19,Shellmaker,Neg Control 1,G,22.43,54.21,51.55,35.24,35.9,4.8,1.6,H,21.66,55.06,51.56,35.79,36.55,3.9,1.8,40.75,7.8,144,-12.5,-940.384615384615
12:05:14,6/9/19,Shellmaker,Neg Control 1,G,22.43,54.21,51.55,35.24,35.9,4.7,1.5,H,21.66,55.07,51.56,35.79,36.55,3.9,1.8,40.75,7.8,144,-20,-1504.61538461538
12:05:15,6/9/19,Shellmaker,Neg Control 1,G,22.41,54.23,51.55,35.25,35.91,4.7,1.7,H,21.66,55.07,51.56,35.8,36.55,3.8,2.1,40.75,7.8,144,-23.5294117647059,-1770.13574660634
12:05:16,6/9/19,Shellmaker,Neg Control 1,G,22.41,54.23,51.55,35.25,35.92,4.7,1.7,H,21.66,55.07,51.56,35.8,36.55,3.8,2.1,40.75,7.8,144,-23.5294117647059,-1770.13574660634
12:05:17,6/9/19,Shellmaker,Neg Control 1,G,22.41,54.23,51.55,35.25,35.92,4.8,1.8,H,21.66,55.08,51.56,35.8,36.55,3.8,2,40.75,7.8,144,-11.1111111111111,-835.897435897436
12:05:18,6/9/19,Shellmaker,Neg Control 1,G,22.41,54.23,51.55,35.25,35.91,4.7,2,H,21.66,55.08,51.56,35.8,36.55,3.9,2.2,40.75,7.8,144,-10,-752.307692307693
12:05:19,6/9/19,Shellmaker,Neg Control 1,G,22.42,54.23,51.55,35.25,35.91,4.7,1.9,H,21.66,55.08,51.57,35.8,36.55,3.9,2.1,40.75,7.8,144,-10.5263157894737,-791.902834008098
12:05:21,6/9/19,Shellmaker,Neg Control 1,G,22.42,54.24,51.57,35.26,35.92,4.7,2.4,H,21.66,55.07,51.57,35.8,36.55,3.9,2.3,40.75,7.8,144,4.16666666666667,313.461538461539
12:05:22,6/9/19,Shellmaker,Neg Control 1,G,22.42,54.24,51.57,35.26,35.92,4.7,2.2,H,21.67,55.07,51.56,35.8,36.55,3.9,2.3,40.75,7.8,144,-4.54545454545453,-341.958041958041
12:05:23,6/9/19,Shellmaker,Neg Control 1,G,22.42,54.25,51.57,35.26,35.93,4.7,2.1,H,21.66,55.07,51.56,35.8,36.55,3.9,2,40.75,7.8,144,4.76190476190477,358.241758241759
12:05:24,6/9/19,Shellmaker,Neg Control 1,G,22.41,54.25,51.57,35.26,35.93,4.7,2.1,H,21.66,55.07,51.56,35.8,36.55,3.9,2,40.75,7.8,144,4.76190476190477,358.241758241759
12:05:25,6/9/19,Shellmaker,Neg Control 1,G,22.41,54.25,51.57,35.26,35.93,4.7,1.9,H,21.66,55.07,51.56,35.8,36.55,3.9,2,40.75,7.8,144,-5.26315789473685,-395.951417004049
12:05:26,6/9/19,Shellmaker,Neg Control 1,G,22.4,54.26,51.56,35.27,35.94,4.7,1.9,H,21.66,55.08,51.56,35.8,36.55,3.9,2,40.75,7.8,144,-5.26315789473685,-395.951417004049
12:05:27,6/9/19,Shellmaker,Neg Control 1,G,22.4,54.26,51.56,35.27,35.94,4.7,2,H,21.66,55.08,51.56,35.8,36.55,3.9,2,40.75,7.8,144,0,0
12:05:29,6/9/19,Shellmaker,Neg Control 1,G,22.38,54.25,51.53,35.26,35.93,4.6,2.1,H,21.66,55.07,51.56,35.8,36.55,3.9,2,40.75,7.8,144,4.76190476190477,358.241758241759
12:05:30,6/9/19,Shellmaker,Neg Control 1,G,22.37,54.25,51.53,35.26,35.93,4.6,2.1,H,21.67,55.06,51.56,35.79,36.55,3.9,1.9,40.75,7.8,144,9.52380952380953,716.483516483517
12:05:31,6/9/19,Shellmaker,Neg Control 1,G,22.36,54.25,51.51,35.26,35.93,4.6,2.3,H,21.67,55.06,51.56,35.79,36.54,3.9,1.8,40.75,7.8,144,21.7391304347826,1635.45150501672
12:05:32,6/9/19,Shellmaker,Neg Control 1,G,22.35,54.25,51.5,35.26,35.93,4.6,2.2,H,21.67,55.06,51.56,35.79,36.54,3.9,1.8,40.75,7.8,144,18.1818181818182,1367.83216783217
12:05:33,6/9/19,Shellmaker,Neg Control 1,G,22.35,54.25,51.5,35.26,35.93,4.6,2.2,H,21.68,55.06,51.57,35.79,36.54,3.9,1.8,40.75,7.8,144,18.1818181818182,1367.83216783217
12:05:34,6/9/19,Shellmaker,Neg Control 1,G,22.35,54.25,51.5,35.26,35.93,4.6,2,H,21.68,55.06,51.57,35.79,36.55,4,1.5,40.75,7.8,144,25,1880.76923076923
12:05:35,6/9/19,Shellmaker,Neg Control 1,G,22.35,54.24,51.5,35.26,35.93,4.6,2,H,21.68,55.06,51.57,35.79,36.55,4,1.8,40.75,7.8,144,10,752.307692307692
12:05:37,6/9/19,Shellmaker,Neg Control 1,G,22.36,54.25,51.51,35.26,35.93,4.6,2.2,H,21.68,55.06,51.57,35.79,36.54,4,1.9,40.75,7.8,144,13.6363636363636,1025.87412587413
12:05:38,6/9/19,Shellmaker,Neg Control 1,G,22.37,54.25,51.52,35.26,35.93,4.6,2.2,H,21.69,55.05,51.57,35.78,36.53,4,2,40.75,7.8,144,9.0909090909091,683.916083916084
12:05:39,6/9/19,Shellmaker,Neg Control 1,G,22.4,54.23,51.54,35.25,35.92,4.6,2,H,21.7,55.04,51.58,35.78,36.53,4,2.2,40.75,7.8,144,-10,-752.307692307693
12:05:40,6/9/19,Shellmaker,Neg Control 1,G,22.41,54.23,51.55,35.25,35.92,4.6,2.1,H,21.7,55.04,51.58,35.78,36.53,4,2.3,40.75,7.8,144,-9.52380952380951,-716.483516483515
12:05:41,6/9/19,Shellmaker,Neg Control 1,G,22.42,54.23,51.55,35.25,35.91,4.6,2,H,21.71,55.04,51.58,35.78,36.53,4,2.2,40.75,7.8,144,-10,-752.307692307693
12:05:42,6/9/19,Shellmaker,Neg Control 1,G,22.44,54.22,51.57,35.24,35.91,4.6,1.7,H,21.71,55.04,51.58,35.78,36.53,4,2.4,40.75,7.8,144,-41.1764705882353,-3097.73755656109
12:05:43,6/9/19,Shellmaker,Neg Control 1,G,22.45,54.22,51.58,35.24,35.91,4.6,1.7,H,21.71,55.04,51.58,35.78,36.53,4,2.4,40.75,7.8,144,-41.1764705882353,-3097.73755656109
12:05:45,6/9/19,Shellmaker,Neg Control 1,G,22.45,54.19,51.56,35.22,35.89,4.6,1.4,H,21.71,55.04,51.59,35.78,36.53,4,2.5,40.75,7.8,144,-78.5714285714286,-5910.98901098901
